<?xml version="1.0"?>
<doc>
    <assembly>
        <name>Microsoft.Identity.ServiceEssentials.Modules.TrV2Module</name>
    </assembly>
    <members>
        <member name="T:Microsoft.Identity.ServiceEssentials.Modules.TrV2Module.TrV2Constants">
            <summary>
            Constants for Tenant Restrictions V2 Module
            </summary>
        </member>
        <member name="F:Microsoft.Identity.ServiceEssentials.Modules.TrV2Module.TrV2Constants.TrV2HeaderName">
            <summary>
            Name of the TrV2 header sent by the client on each request
            </summary>
        </member>
        <member name="F:Microsoft.Identity.ServiceEssentials.Modules.TrV2Module.TrV2Constants.AckResponseHeaderName">
            <summary>
            Name of the ACK TrV2 response header set by the resource to track Tenant Restrictions V2 compliance
            </summary>
        </member>
        <member name="F:Microsoft.Identity.ServiceEssentials.Modules.TrV2Module.TrV2Constants.AuthenticateHeaderName">
            <summary>
            Name of the authenticate header
            </summary>
        </member>
        <member name="F:Microsoft.Identity.ServiceEssentials.Modules.TrV2Module.TrV2Constants.TrV2ClaimType">
            <summary>
            Claim type for TrV2
            </summary>
        </member>
        <member name="F:Microsoft.Identity.ServiceEssentials.Modules.TrV2Module.TrV2Constants.IdpClaim">
            <summary>
            Claim name for the IDP claim, which, when present, indicates the tenant that the user is from in guest scenarios.
            </summary>
        </member>
        <member name="F:Microsoft.Identity.ServiceEssentials.Modules.TrV2Module.TrV2Constants.TenantIdClaim">
            <summary>
            Claim name for tenant ID.
            </summary>
        </member>
        <member name="F:Microsoft.Identity.ServiceEssentials.Modules.TrV2Module.TrV2Constants.ExtendedTenantIdClaim">
            <summary>
             Claim name for extended tenant ID
             </summary>
        </member>
        <member name="F:Microsoft.Identity.ServiceEssentials.Modules.TrV2Module.TrV2Constants.ExtendedIdpClaim">
            <summary>
            Claim name for extended idp.
            </summary>
        </member>
        <member name="F:Microsoft.Identity.ServiceEssentials.Modules.TrV2Module.TrV2Constants.Issuer">
            <summary>
            Claim name for issuer.
            </summary>
        </member>
        <member name="T:Microsoft.Identity.ServiceEssentials.Modules.TrV2Module.TrV2Constants.RestrictAccessConfirmValue">
            <summary>
            Whenever a TRV2 enlightened resource receives a request with a TRV2 header, it will respond back with an ACK header
            Header name: Restrict-Access-Confirm
            </summary>
        </member>
        <member name="F:Microsoft.Identity.ServiceEssentials.Modules.TrV2Module.TrV2Constants.RestrictAccessConfirmValue.NoMatchingPolicy">
            <summary>
            The TRV2 header was seen, but no matching TR policy could be found
            </summary>
        </member>
        <member name="F:Microsoft.Identity.ServiceEssentials.Modules.TrV2Module.TrV2Constants.RestrictAccessConfirmValue.NotAbleToCheck">
            <summary>
            Unable to successfully check. This wasn't rejected by TrV2, but there was some kind of outage or server error.
            </summary>
        </member>
        <member name="F:Microsoft.Identity.ServiceEssentials.Modules.TrV2Module.TrV2Constants.RestrictAccessConfirmValue.TrV2Checked">
            <summary>
            TrV2 was checked for this Request. This value is set for all successful and error responses.
            </summary>
        </member>
        <member name="T:Microsoft.Identity.ServiceEssentials.Modules.TrV2Module.TrV2Module">
            <summary>
            Tenant Restrictions V2
            </summary>
        </member>
        <member name="M:Microsoft.Identity.ServiceEssentials.Modules.TrV2Module.TrV2Module.#ctor(Microsoft.Extensions.Options.IOptionsMonitor{Microsoft.Identity.ServiceEssentials.Modules.TrV2Module.TrV2ModuleOptions})">
            <summary>
            Initialize an instance of a <see cref="T:Microsoft.Identity.ServiceEssentials.Modules.TrV2Module.TrV2Module"/>
            </summary>
            <param name="options">Options for the module</param>
        </member>
        <member name="M:Microsoft.Identity.ServiceEssentials.Modules.TrV2Module.TrV2Module.#ctor">
            <summary>
            Initialize an instance of a <see cref="T:Microsoft.Identity.ServiceEssentials.Modules.TrV2Module.TrV2Module"/>
            </summary>
        </member>
        <member name="M:Microsoft.Identity.ServiceEssentials.Modules.TrV2Module.TrV2Module.#ctor(Microsoft.Identity.ServiceEssentials.Modules.TrV2Module.TrV2ModuleOptions)">
            <summary>
            Initialize an instance of a <see cref="T:Microsoft.Identity.ServiceEssentials.Modules.TrV2Module.TrV2Module"/>
            </summary>
            <param name="options">Options for the module</param>
        </member>
        <member name="P:Microsoft.Identity.ServiceEssentials.Modules.TrV2Module.TrV2Module.Name">
            <inheritdoc/>
        </member>
        <member name="M:Microsoft.Identity.ServiceEssentials.Modules.TrV2Module.TrV2Module.ValidateTenantRestrictionsV2Internal(System.Security.Claims.ClaimsIdentity,System.Collections.Generic.IEnumerable{System.String},Microsoft.Identity.ServiceEssentials.MiseHttpContext,Microsoft.Identity.ServiceEssentials.IMiseComponent,Microsoft.Identity.ServiceEssentials.Modules.TrV2Module.TrV2ModuleOptions,System.Threading.CancellationToken)">
            <summary>
            Core business logic for validating Tenant Restrictions V2
            </summary>
            <param name="claims">Claims from incoming tokens</param>
            <param name="trV2HeaderValues">Values of TrV2 header</param>
            <param name="context">HttpPipelineContext. If (null) no logging will be available</param>
            <param name="cancellationToken">CancellationToken. Ignored in current implementation (This is for future API compatibility)</param>
            <param name="module"> MISE module that TRv2 module is running on</param>
            <param name="moduleOptions">TRv2 module options that contain additional settings relevent to TRv2</param>
            <returns>An HttpResponse object. A response with status code 200 means the current request was validated and allowed. Any other status code means the request didn't pass TrV2 validation and the request is not allowed.</returns>
        </member>
        <member name="M:Microsoft.Identity.ServiceEssentials.Modules.TrV2Module.TrV2Module.HandleRequestAsync(Microsoft.Identity.ServiceEssentials.MiseHttpContext,System.Threading.CancellationToken)">
            <inheritdoc/>
        </member>
        <member name="M:Microsoft.Identity.ServiceEssentials.Modules.TrV2Module.TrV2Module.HandleAsync(Microsoft.Identity.ServiceEssentials.MiseHttpContext,System.Threading.CancellationToken)">
            <summary>
            Handler for validating Tenant Restrictions V2 in resources implementing the MISE pipeline
            </summary>
            <param name="context">Pipeline Context</param>
            <param name="cancellationToken">Cancellation Token is ignored in current implementation (This is for future API compatibility)</param>
            <returns>Pipeline module result</returns>
        </member>
        <member name="M:Microsoft.Identity.ServiceEssentials.Modules.TrV2Module.TrV2Module.GetAuthorizationUri(System.String)">
            <summary>
            This function returns the proper authorization_uri for the TRv2 claims challenge.
            </summary>
        </member>
        <member name="T:Microsoft.Identity.ServiceEssentials.Modules.TrV2Module.TrV2ModuleDefaults">
            <summary>
            Default values for <see cref="T:Microsoft.Identity.ServiceEssentials.Modules.TrV2Module.TrV2Module"/>.
            </summary>
        </member>
        <member name="F:Microsoft.Identity.ServiceEssentials.Modules.TrV2Module.TrV2ModuleDefaults.Name">
            <summary>
            Default name of the module.
            </summary>
        </member>
        <member name="T:Microsoft.Identity.ServiceEssentials.Modules.TrV2Module.TrV2ModuleOptions">
            <summary>
            Options to use with <see cref="T:Microsoft.Identity.ServiceEssentials.Modules.TrV2Module.TrV2Module"/>
            </summary>
        </member>
        <member name="P:Microsoft.Identity.ServiceEssentials.Modules.TrV2Module.TrV2ModuleOptions.IsNbfEnabled">
            <summary>
            Whether claims challenge for TRv2 will include NBF timestamp.
            This claim stands for NotBefore and is used when the resource requires a token that needs to be issued after a specific time.
            Spefically, the value of NBF will be the ticks of the timestamp that is requested by the resource.
            Currently, this is used in addition the xms_trpid claim challenge to break through client caching.
            </summary>
        </member>
        <member name="P:Microsoft.Identity.ServiceEssentials.Modules.TrV2Module.TrV2ModuleOptions.NbfRoundUpMinutes">
            <summary>
            Bin bucket for TRv2 claims challenge NBF value to be rounded up to with default value as one day.
            </summary>
        </member>
        <member name="T:Microsoft.Identity.ServiceEssentials.Modules.TrV2Module.TrV2ModuleStandalone">
            <summary>
            Tenant Restrictions V2 - Standalone Module
            </summary>
        </member>
        <member name="M:Microsoft.Identity.ServiceEssentials.Modules.TrV2Module.TrV2ModuleStandalone.ValidateTenantRestrictionsV2Async(System.Security.Claims.ClaimsIdentity,System.Net.Http.Headers.HttpRequestHeaders,System.Threading.CancellationToken)">
            <summary>
            Public interface for validating Tenant Restrictions V2 in standalone module
            </summary>
            <param name="claims">Claims from input tokens</param>
            <param name="headers">Request Headers</param>
            <param name="cancellationToken">Cancellation Token is ignored in current implementation (This is for future API compatibility)</param>
            <returns>An HttpResponse object. A response with status code 200 means the current request was validated and allowed. Any other status code means the request didn't pass TrV2 validation and the request is not allowed.</returns>
        </member>
        <member name="M:Microsoft.Identity.ServiceEssentials.Modules.TrV2Module.TrV2ModuleStandalone.ValidateTenantRestrictionsV2Async(System.Security.Claims.ClaimsIdentity,System.Collections.Specialized.NameValueCollection,System.Threading.CancellationToken)">
            <summary>
            Public interface for validating Tenant Restrictions V2 in standalone module
            </summary>
            <param name="claims">Claims from input tokens</param>
            <param name="headers">Request Headers</param>
            <param name="cancellationToken">Cancellation Token is ignored in current implementation (This is for future API compatibility)</param>
            <returns>An HttpResponse object. A response with status code 200 means the current request was validated and allowed. Any other status code means the request didn't pass TrV2 validation and the request is not allowed.</returns>
        </member>
        <member name="M:Microsoft.Identity.ServiceEssentials.Modules.TrV2Module.TrV2ModuleStandalone.ValidateTenantRestrictionsV2(System.Security.Claims.ClaimsIdentity,System.Collections.Specialized.NameValueCollection,System.Threading.CancellationToken)">
            <summary>
            Public interface for validating Tenant Restrictions V2 in standalone module synchronously.
            </summary>
            <param name="claims">Claims from input tokens</param>
            <param name="headers">Request Headers</param>
            <param name="cancellationToken">Cancellation Token is ignored in current implementation (This is for future API compatibility)</param>
            <returns>An HttpResponse object. A response with status code 200 means the current request was validated and allowed. Any other status code means the request didn't pass TrV2 validation and the request is not allowed.</returns>
        </member>
        <member name="M:Microsoft.Identity.ServiceEssentials.Modules.TrV2Module.TrV2ModuleStandalone.ValidateTenantRestrictionsV2Async(System.Security.Claims.ClaimsIdentity,System.Net.Http.Headers.HttpRequestHeaders,Microsoft.Identity.ServiceEssentials.Modules.TrV2Module.TrV2ModuleOptions,System.Threading.CancellationToken)">
            <summary>
            Public interface for validating Tenant Restrictions V2 in standalone module
            For PFTs, TRv2 checks should not be enforced and tokens should always be accepted.
            </summary>
            <param name="claims">Claims from input tokens</param>
            <param name="headers">Request Headers</param>
            <param name="options">TRv2 module options that contain additional settings relevent to TRv2</param>
            <param name="cancellationToken">Cancellation Token is ignored in current implementation (This is for future API compatibility)</param>
            <returns>An HttpResponse object. A response with status code 200 means the current request was validated and allowed. Any other status code means the request didn't pass TrV2 validation and the request is not allowed.</returns>
        </member>
        <member name="M:Microsoft.Identity.ServiceEssentials.Modules.TrV2Module.TrV2ModuleStandalone.ValidateTenantRestrictionsV2Async(System.Security.Claims.ClaimsIdentity,System.Collections.Specialized.NameValueCollection,Microsoft.Identity.ServiceEssentials.Modules.TrV2Module.TrV2ModuleOptions,System.Threading.CancellationToken)">
            <summary>
            Public interface for validating Tenant Restrictions V2 in standalone module
             For PFTs, TRv2 checks should not be enforced and tokens should always be accepted.
            </summary>
            <param name="claims">Claims from input tokens</param>
            <param name="headers">Request Headers</param>
            <param name="options">TRv2 module options that contain additional settings relevent to TRv2</param>
            <param name="cancellationToken">Cancellation Token is ignored in current implementation (This is for future API compatibility)</param>
            <returns>An HttpResponse object. A response with status code 200 means the current request was validated and allowed. Any other status code means the request didn't pass TrV2 validation and the request is not allowed.</returns>
        </member>
        <member name="M:Microsoft.Identity.ServiceEssentials.Modules.TrV2Module.TrV2ModuleStandalone.ValidateTenantRestrictionsV2(System.Security.Claims.ClaimsIdentity,System.Collections.Specialized.NameValueCollection,Microsoft.Identity.ServiceEssentials.Modules.TrV2Module.TrV2ModuleOptions,System.Threading.CancellationToken)">
            <summary>
            Public interface for validating Tenant Restrictions V2 in standalone module synchronously.
            For PFTs, TRv2 checks should not be enforced and tokens should always be accepted.
            </summary>
            <param name="claims">Claims from input tokens</param>
            <param name="headers">Request Headers</param>
            <param name="options">TRv2 module options that contain additional settings relevent to TRv2</param>
            <param name="cancellationToken">Cancellation Token is ignored in current implementation (This is for future API compatibility)</param>
            <returns>An HttpResponse object. A response with status code 200 means the current request was validated and allowed. Any other status code means the request didn't pass TrV2 validation and the request is not allowed.</returns>
        </member>
        <member name="F:Microsoft.Identity.ServiceEssentials.Modules.TrV2Module.Trv2Policy.tenantId">
            <summary>
            Context ID of the tenant that owns the TRv2 policy.
            </summary>
        </member>
        <member name="F:Microsoft.Identity.ServiceEssentials.Modules.TrV2Module.Trv2Policy.policyId">
            <summary>
            Context ID of the cross tenant access policy.
            </summary>
        </member>
        <member name="T:Microsoft.Identity.ServiceEssentials.TrV2ModuleExtensions">
            <summary>
            Represents TrV2 extension methods.
            </summary>
        </member>
        <member name="M:Microsoft.Identity.ServiceEssentials.TrV2ModuleExtensions.AddTrV2Module(Microsoft.Identity.ServiceEssentials.Builders.ModuleCollectionBuilder{Microsoft.Identity.ServiceEssentials.MiseHttpContext})">
            <summary>
            Adds <see cref="T:Microsoft.Identity.ServiceEssentials.Modules.TrV2Module.TrV2Module"/> to Mise.
            </summary>
            <param name="moduleCollectionBuilder">A builder that creates and configures a collection of <see cref="T:Microsoft.Identity.ServiceEssentials.IMiseModule`1"/>.</param>
            <returns>The original <see cref="T:Microsoft.Identity.ServiceEssentials.Builders.ModuleCollectionBuilder`1"/>.</returns>
        </member>
        <member name="M:Microsoft.Identity.ServiceEssentials.TrV2ModuleExtensions.WithTrV2Module(Microsoft.Identity.ServiceEssentials.MiseAuthenticationBuilderWithConfiguration,System.String)">
            <summary>
            Adds <see cref="T:Microsoft.Identity.ServiceEssentials.Modules.TrV2Module.TrV2Module"/> to Mise.
            </summary>
            <param name="builder">The <see cref="T:Microsoft.Identity.ServiceEssentials.MiseAuthenticationBuilderWithConfiguration"/> to register the module into.</param>
            <param name="moduleName">The name of the Module. Defaults to <see cref="F:Microsoft.Identity.ServiceEssentials.Modules.TrV2Module.TrV2ModuleDefaults.Name"/>. This only needs to be set for multiple registrations.</param>
            <returns>The original <see cref="T:Microsoft.Identity.ServiceEssentials.MiseAuthenticationBuilderWithConfiguration"/>.</returns>
        </member>
        <member name="M:Microsoft.Identity.ServiceEssentials.TrV2ModuleExtensions.WithTrV2Module(Microsoft.Identity.ServiceEssentials.MiseAuthenticationBuilderWithConfiguration,System.String,System.String)">
            <summary>
            Deprecated - Use <see cref="M:Microsoft.Identity.ServiceEssentials.TrV2ModuleExtensions.WithTrV2Module(Microsoft.Identity.ServiceEssentials.MiseAuthenticationBuilderWithConfiguration,System.String)"/> that leverages configuration set in <paramref name="builder"/>.  
            Adds <see cref="T:Microsoft.Identity.ServiceEssentials.Modules.TrV2Module.TrV2Module"/> to Mise.
            </summary>
            <param name="builder">The <see cref="T:Microsoft.Identity.ServiceEssentials.MiseAuthenticationBuilderWithConfiguration"/> to register the module into.</param>
            <param name="sectionName"></param>
            <param name="moduleName">The name of the Module. Defaults to <see cref="F:Microsoft.Identity.ServiceEssentials.Modules.TrV2Module.TrV2ModuleDefaults.Name"/>. This only needs to be set for multiple registrations.</param>
            <returns>The original <see cref="T:Microsoft.Identity.ServiceEssentials.MiseAuthenticationBuilderWithConfiguration"/>.</returns>
        </member>
        <member name="M:Microsoft.Identity.ServiceEssentials.TrV2ModuleExtensions.WithTrV2Module(Microsoft.Identity.ServiceEssentials.MiseAuthenticationBuilderWithConfiguration,System.Action{Microsoft.Identity.ServiceEssentials.Modules.TrV2Module.TrV2ModuleOptions},System.String)">
            <summary>
            Adds <see cref="T:Microsoft.Identity.ServiceEssentials.Modules.TrV2Module.TrV2Module"/> to Mise.
            </summary>
            <param name="builder">The <see cref="T:Microsoft.Identity.ServiceEssentials.MiseAuthenticationBuilderWithConfiguration"/> to register the module into.</param>
            <param name="configureOptions"></param>
            <param name="moduleName">The name of the Module. Defaults to <see cref="F:Microsoft.Identity.ServiceEssentials.Modules.TrV2Module.TrV2ModuleDefaults.Name"/>. This only needs to be set for multiple registrations.</param>
            <returns>The original <see cref="T:Microsoft.Identity.ServiceEssentials.MiseAuthenticationBuilderWithConfiguration"/>.</returns>
        </member>
    </members>
</doc>
