<?xml version="1.0"?>
<doc>
    <assembly>
        <name>Microsoft.Identity.ServiceEssentials.Modules.SettingBasedTokenRevocation</name>
    </assembly>
    <members>
        <member name="T:Microsoft.Identity.ServiceEssentials.Modules.SettingBasedTokenRevocation.Defaults">
            <summary>
            Default values for the <see cref="T:Microsoft.Identity.ServiceEssentials.Modules.SettingBasedTokenRevocation.SettingBasedTokenRevocationModule"/>
            </summary>
        </member>
        <member name="F:Microsoft.Identity.ServiceEssentials.Modules.SettingBasedTokenRevocation.Defaults.ModuleName">
            <summary>
            Default name of the module.
            </summary>
        </member>
        <member name="T:Microsoft.Identity.ServiceEssentials.Modules.SettingBasedTokenRevocation.SettingBasedTokenRevocationModule">
            <summary>
            Evaluates if tokens should be revoked based on settings.
            </summary>
        </member>
        <member name="P:Microsoft.Identity.ServiceEssentials.Modules.SettingBasedTokenRevocation.SettingBasedTokenRevocationModule.Name">
            <inheritdoc/>
        </member>
        <member name="M:Microsoft.Identity.ServiceEssentials.Modules.SettingBasedTokenRevocation.SettingBasedTokenRevocationModule.#ctor(Microsoft.Identity.ServiceEssentials.Modules.SettingBasedTokenRevocation.SettingBasedTokenRevocationModuleOptions)">
            <summary>
            Initializes a new instance of the <see cref="T:Microsoft.Identity.ServiceEssentials.Modules.SettingBasedTokenRevocation.SettingBasedTokenRevocationModule"/> class.
            </summary>
            <param name="options">Options for the module</param>
        </member>
        <member name="M:Microsoft.Identity.ServiceEssentials.Modules.SettingBasedTokenRevocation.SettingBasedTokenRevocationModule.#ctor(Microsoft.Extensions.Options.IOptionsMonitor{Microsoft.Identity.ServiceEssentials.Modules.SettingBasedTokenRevocation.SettingBasedTokenRevocationModuleOptions})">
            <summary>
            Initializes a new instance of the <see cref="T:Microsoft.Identity.ServiceEssentials.Modules.SettingBasedTokenRevocation.SettingBasedTokenRevocationModule"/> class.
            </summary>
            <param name="options">Options for the module</param>
        </member>
        <member name="M:Microsoft.Identity.ServiceEssentials.Modules.SettingBasedTokenRevocation.SettingBasedTokenRevocationModule.PostConfigureOptions">
            <inheritdoc/>
        </member>
        <member name="M:Microsoft.Identity.ServiceEssentials.Modules.SettingBasedTokenRevocation.SettingBasedTokenRevocationModule.InitializeWithMiseContext(Microsoft.Identity.ServiceEssentials.InitializationContext)">
            <inheritdoc/>
        </member>
        <member name="M:Microsoft.Identity.ServiceEssentials.Modules.SettingBasedTokenRevocation.SettingBasedTokenRevocationModule.HandleAsync(Microsoft.Identity.ServiceEssentials.MiseHttpContext,System.Threading.CancellationToken)">
            <inheritdoc/>
        </member>
        <member name="T:Microsoft.Identity.ServiceEssentials.Modules.SettingBasedTokenRevocation.SettingBasedTokenRevocationModuleOptions">
            <summary>
            Represents an option class for use with <see cref="T:Microsoft.Identity.ServiceEssentials.Modules.SettingBasedTokenRevocation.SettingBasedTokenRevocationModule"/>
            </summary>
        </member>
        <member name="P:Microsoft.Identity.ServiceEssentials.Modules.SettingBasedTokenRevocation.SettingBasedTokenRevocationModuleOptions.RevocationRules">
            <summary>
            Gets the collection of revocation settings.
            </summary>
        </member>
        <member name="T:Microsoft.Identity.ServiceEssentials.SettingBasedTokenRevocationExtensions">
            <summary>
            SettingBasedTokenRevocationExtensions extension methods.
            </summary>
        </member>
        <member name="M:Microsoft.Identity.ServiceEssentials.SettingBasedTokenRevocationExtensions.AddSettingBasedTokenRevocationModule(Microsoft.Identity.ServiceEssentials.Builders.ModuleCollectionBuilder{Microsoft.Identity.ServiceEssentials.MiseHttpContext},Microsoft.Identity.ServiceEssentials.Modules.SettingBasedTokenRevocation.SettingBasedTokenRevocationModuleOptions)">
            <summary>
            Adds <see cref="T:Microsoft.Identity.ServiceEssentials.Modules.SettingBasedTokenRevocation.SettingBasedTokenRevocationModule"/> to Mise.
            </summary>
            <param name="moduleCollectionBuilder">A builder that creates and configures a collection of <see cref="T:Microsoft.Identity.ServiceEssentials.IMiseModule`1"/>.</param>
            <param name="options">The options to configure the module with.</param>
            <returns>The original <see cref="T:Microsoft.Identity.ServiceEssentials.Builders.ModuleCollectionBuilder`1"/>.</returns>
        </member>
        <member name="M:Microsoft.Identity.ServiceEssentials.SettingBasedTokenRevocationExtensions.WithSettingBasedTokenRevocationModule(Microsoft.Identity.ServiceEssentials.MiseAuthenticationBuilderWithConfiguration,System.String)">
            <summary>
            Adds <see cref="T:Microsoft.Identity.ServiceEssentials.Modules.SettingBasedTokenRevocation.SettingBasedTokenRevocationModule"/> to Mise.
            </summary>
            <param name="builder">The <see cref="T:Microsoft.Identity.ServiceEssentials.MiseAuthenticationBuilderWithConfiguration"/> to register the module into.</param>
            <param name="moduleName">The name of the Module. Defaults to <see cref="F:Microsoft.Identity.ServiceEssentials.Modules.SettingBasedTokenRevocation.Defaults.ModuleName"/>. This only needs to be set for multiple registrations.</param>
            <returns>The original <see cref="T:Microsoft.Identity.ServiceEssentials.MiseAuthenticationBuilderWithConfiguration"/>.</returns>
        </member>
        <member name="M:Microsoft.Identity.ServiceEssentials.SettingBasedTokenRevocationExtensions.WithSettingBasedTokenRevocationModule(Microsoft.Identity.ServiceEssentials.MiseAuthenticationBuilderWithConfiguration,System.Action{Microsoft.Identity.ServiceEssentials.Modules.SettingBasedTokenRevocation.SettingBasedTokenRevocationModuleOptions},System.String)">
            <summary>
            Adds <see cref="T:Microsoft.Identity.ServiceEssentials.Modules.SettingBasedTokenRevocation.SettingBasedTokenRevocationModule"/> to Mise.
            </summary>
            <param name="builder">The <see cref="T:Microsoft.Identity.ServiceEssentials.MiseAuthenticationBuilderWithConfiguration"/> to register the module into.</param>
            <param name="configureOptions">An action to configure the options used by the module.</param>
            <param name="moduleName">The name of the Module. Defaults to <see cref="F:Microsoft.Identity.ServiceEssentials.Modules.SettingBasedTokenRevocation.Defaults.ModuleName"/>. This only needs to be set for multiple registrations.</param>
            <returns>The original <see cref="T:Microsoft.Identity.ServiceEssentials.MiseAuthenticationBuilderWithConfiguration"/>.</returns>
        </member>
    </members>
</doc>
