<?xml version="1.0"?>
<doc>
    <assembly>
        <name>Microsoft.Identity.ServiceEssentials.Authentication</name>
    </assembly>
    <members>
        <member name="T:Microsoft.Identity.ServiceEssentials.AuthenticationBuilderExtension">
            <summary>
            Extensions that allow registering <see cref="T:Microsoft.Identity.ServiceEssentials.Authentication.AuthenticationTicketProvider"/> using <see cref="T:Microsoft.Identity.ServiceEssentials.Builders.AuthenticationComponentParameterBuilder`1"/>.
            </summary>
        </member>
        <member name="M:Microsoft.Identity.ServiceEssentials.AuthenticationBuilderExtension.UseDefaultAuthentication(Microsoft.Identity.ServiceEssentials.Builders.AuthenticationComponentParameterBuilder{Microsoft.Identity.ServiceEssentials.MiseHttpContext},Microsoft.IdentityModel.S2S.S2SAuthenticationManager)">
            <summary>
            Will be deprecated in next major release. Use <see cref="M:Microsoft.Identity.ServiceEssentials.AuthenticationBuilderExtension.WithDefaultAuthentication(Microsoft.Identity.ServiceEssentials.Builders.AuthenticationComponentParameterBuilder{Microsoft.Identity.ServiceEssentials.MiseHttpContext},Microsoft.IdentityModel.S2S.S2SAuthenticationManager)"/> method instead. 
            <para>Registers the default <see cref="T:Microsoft.Identity.ServiceEssentials.Authentication.AuthenticationTicketProvider"/> to be used with the resulting <see cref="T:Microsoft.Identity.ServiceEssentials.IMiseHost`1"/>.
            <see cref="T:Microsoft.Identity.ServiceEssentials.Authentication.AuthenticationTicketProvider"/> should be used only in SDK/Sidecar scenarios.</para>
            </summary>
            <param name="miseBuilder">The builder to register the <see cref="T:Microsoft.Identity.ServiceEssentials.Authentication.AuthenticationTicketProvider"/> with.</param>
            <param name="authenticationManager">Manages authentication using handlers and policies./</param>
            <returns>A builder to chain with methods of <see cref="T:Microsoft.Identity.ServiceEssentials.Builders.ModuleContainerParameterBuilder`1"/>.</returns>
            <remarks>
            UseOwinAuthenticationComponent() should be used in MISE.Owin scenarios.
            https://aka.ms/mise/authentication
            </remarks>
        </member>
        <member name="M:Microsoft.Identity.ServiceEssentials.AuthenticationBuilderExtension.WithDefaultAuthentication(Microsoft.Identity.ServiceEssentials.Builders.AuthenticationComponentParameterBuilder{Microsoft.Identity.ServiceEssentials.MiseHttpContext},Microsoft.IdentityModel.S2S.S2SAuthenticationManager)">
            <summary>
            Registers the default <see cref="T:Microsoft.Identity.ServiceEssentials.Authentication.AuthenticationTicketProvider"/> to be used with the resulting <see cref="T:Microsoft.Identity.ServiceEssentials.IMiseHost`1"/>.
            <see cref="T:Microsoft.Identity.ServiceEssentials.Authentication.AuthenticationTicketProvider"/> should be used only in SDK/Sidecar scenarios.
            </summary>
            <param name="miseBuilder">The builder to register the <see cref="T:Microsoft.Identity.ServiceEssentials.Authentication.AuthenticationTicketProvider"/> with.</param>
            <param name="authenticationManager">Manages authentication using handlers and policies./</param>
            <returns>A builder to chain with methods of <see cref="T:Microsoft.Identity.ServiceEssentials.Builders.ModuleContainerParameterBuilder`1"/>.</returns>
            <remarks>
            UseOwinAuthenticationComponent() should be used in MISE.Owin scenarios.
            https://aka.ms/mise/authentication
            </remarks>
        </member>
        <member name="T:Microsoft.Identity.ServiceEssentials.Authentication.AuthenticationDefaults">
            <summary>
            Default values for <see cref="T:Microsoft.Identity.ServiceEssentials.Authentication.AuthenticationTicketProvider"/>.
            </summary>
        </member>
        <member name="F:Microsoft.Identity.ServiceEssentials.Authentication.AuthenticationDefaults.Name">
            <summary>
            Default name of the authentication ticket provider.
            </summary>
        </member>
        <member name="F:Microsoft.Identity.ServiceEssentials.Authentication.AuthenticationDefaults.S2SAuthenticationResult">
            <summary>
            The key reserved for S2SAuthenticationResult
            </summary>
        </member>
        <member name="F:Microsoft.Identity.ServiceEssentials.Authentication.AuthenticationDefaults.S2SAuthenticationTicket">
            <summary>
            The key reserved for S2SAuthenticationTicket
            </summary>
        </member>
        <member name="T:Microsoft.Identity.ServiceEssentials.Authentication.AuthenticationTicketProvider">
            <summary>
            Leverages Microsoft.IdentityModel.S2S (SAL) library to produce an <see cref="T:Microsoft.Identity.ServiceEssentials.AuthenticationTicket"/>.
            </summary>
        </member>
        <member name="P:Microsoft.Identity.ServiceEssentials.Authentication.AuthenticationTicketProvider.Name">
            <inheritdoc/>
        </member>
        <member name="P:Microsoft.Identity.ServiceEssentials.Authentication.AuthenticationTicketProvider.CaptureLogs">
            <summary>
            Flag that controls whether S2S logs will be forwarded to <see cref="P:Microsoft.Identity.ServiceEssentials.MiseHost`1.Logger"/>. <c>true</c> by default.
            </summary>
        </member>
        <member name="M:Microsoft.Identity.ServiceEssentials.Authentication.AuthenticationTicketProvider.InboundPolicies">
            <summary>
            The <see cref="T:Microsoft.IdentityModel.S2S.JwtInboundPolicy"/> policies from the underlying <see cref="T:Microsoft.IdentityModel.S2S.S2SAuthenticationManager"/>
            </summary>
            <returns>The <see cref="T:Microsoft.IdentityModel.S2S.JwtInboundPolicy"/>s of the authentication handlers.</returns>
        </member>
        <member name="M:Microsoft.Identity.ServiceEssentials.Authentication.AuthenticationTicketProvider.#ctor(Microsoft.IdentityModel.S2S.S2SAuthenticationManager)">
            <summary>
            Creates a new <see cref="T:Microsoft.Identity.ServiceEssentials.Authentication.AuthenticationTicketProvider"/> instance using <paramref name="authenticationManager"/>.
            </summary>
            <param name="authenticationManager">Manages authentication using handlers and policies. Needs to contain at least on <see cref="T:Microsoft.IdentityModel.S2S.S2SAuthenticationHandler"/></param>
        </member>
        <member name="M:Microsoft.Identity.ServiceEssentials.Authentication.AuthenticationTicketProvider.AuthenticateAsync(Microsoft.Identity.ServiceEssentials.MiseHttpContext,System.Threading.CancellationToken)">
            <inheritdoc/>
        </member>
        <member name="M:Microsoft.Identity.ServiceEssentials.Authentication.AuthenticationTicketProvider.CreateS2SContext(Microsoft.Identity.ServiceEssentials.MiseHttpContext)">
            <summary>
            internal for testing only
            </summary>
        </member>
        <member name="M:Microsoft.Identity.ServiceEssentials.Authentication.AuthenticationTicketProvider.InitializeWithMiseContext(Microsoft.Identity.ServiceEssentials.InitializationContext)">
            <inheritdoc/>
        </member>
        <member name="T:Microsoft.Identity.ServiceEssentials.Authentication.LogMessages">
            <summary>
            Log messages and codes
            </summary>
        </member>
        <member name="T:Microsoft.Identity.ServiceEssentials.Authentication.MiseContextExtensions">
            <summary>
            Extension methods for S2S on <see cref="T:Microsoft.Identity.ServiceEssentials.MiseHttpContext"/>
            </summary>
        </member>
        <member name="M:Microsoft.Identity.ServiceEssentials.Authentication.MiseContextExtensions.GetS2SAuthenticationResult(Microsoft.Identity.ServiceEssentials.MiseHttpContext)">
            <summary>
            Gets the <see cref="T:Microsoft.IdentityModel.S2S.S2SAuthenticationResult"/> stored on the <paramref name="miseContext"/>
            </summary>
            <param name="miseContext">The Mise context</param>
            <returns>
            The <see cref="T:Microsoft.IdentityModel.S2S.S2SAuthenticationResult"/> stored on the <paramref name="miseContext"/>.
            <c>null</c> if result was not present on the <paramref name="miseContext"/>.
            </returns>
        </member>
        <member name="M:Microsoft.Identity.ServiceEssentials.Authentication.MiseContextExtensions.GetS2SAuthenticationTicket(Microsoft.Identity.ServiceEssentials.MiseHttpContext)">
            <summary>
            Gets the <see cref="T:Microsoft.IdentityModel.S2S.S2SAuthenticationTicket"/> stored on the <paramref name="miseContext"/>
            </summary>
            <param name="miseContext">The Mise context</param>
            <returns>
            The <see cref="T:Microsoft.IdentityModel.S2S.S2SAuthenticationTicket"/> stored on the <paramref name="miseContext"/>.
            <c>null</c> if ticket was not present on the <paramref name="miseContext"/>.
            </returns>
        </member>
        <member name="M:Microsoft.Identity.ServiceEssentials.Authentication.MiseContextExtensions.SetS2SAuthenticationResult(Microsoft.Identity.ServiceEssentials.MiseHttpContext,Microsoft.IdentityModel.S2S.S2SAuthenticationResult)">
            <summary>
            Sets the given <paramref name="authenticationResult"/> on the <paramref name="miseContext"/>
            </summary>
            <param name="miseContext">The Mise context</param>
            <param name="authenticationResult">The <see cref="T:Microsoft.IdentityModel.S2S.S2SAuthenticationResult"/> to set on the <paramref name="miseContext"/></param>
        </member>
        <member name="M:Microsoft.Identity.ServiceEssentials.Authentication.MiseContextExtensions.CopyPropertyBagItemsFrom(Microsoft.Identity.ServiceEssentials.MiseContext,Microsoft.IdentityModel.S2S.S2SContext)">
            <summary>
            Copy <see cref="P:Microsoft.IdentityModel.Logging.LoggerContext.PropertyBag"/> items from <paramref name="s2sContext"/> to <paramref name="miseContext"/>.
            Relevant when developers want to evaluate items set on the <paramref name="s2sContext"/> in S2S delegate code. 
            </summary>
        </member>
    </members>
</doc>
