<?xml version="1.0"?>
<doc>
    <assembly>
        <name>Microsoft.Identity.ServiceEssentials.ContainerShared</name>
    </assembly>
    <members>
        <member name="T:Microsoft.Identity.ServiceEssentials.ContainerShared.AsyncReaderWriterLock">
            <summary>
            Asynchronous Reader Writer Lock with Write-Preference.
            </summary>
            <remarks>
            Please note:
              Writers take precedence over readers. This means that regardless of the order in which read or write requests arrive,
              if a writer is waiting, it will also get priority over any number of waiting readers, even if it arrived later than those readers.
              Implementation credit: https://blogs.msdn.microsoft.com/pfxteam/2012/02/12/building-async-coordination-primitives-part-7-asyncreaderwriterlock/
            </remarks>
        </member>
        <member name="F:Microsoft.Identity.ServiceEssentials.ContainerShared.AsyncReaderWriterLock.waitingReader">
            <summary>
            Single <see cref="T:System.Threading.Tasks.TaskCompletionSource"/> for all readers. 
            </summary>
        </member>
        <member name="F:Microsoft.Identity.ServiceEssentials.ContainerShared.AsyncReaderWriterLock.readersWaiting">
            <summary>
            Count of how many readers are waiting. 
            </summary>
        </member>
        <member name="F:Microsoft.Identity.ServiceEssentials.ContainerShared.AsyncReaderWriterLock.status">
            <summary>
            Status of the lock. 0 means no one has acquired the lock. -1 means that a writer has acquired the lock, 
            and a posititve value means that one or more readers have acquired the lock, where the value indicates how many.
            </summary>
        </member>
        <member name="M:Microsoft.Identity.ServiceEssentials.ContainerShared.AsyncReaderWriterLock.#ctor">
            <summary>
            Initializes a new instance of <see cref="T:Microsoft.Identity.ServiceEssentials.ContainerShared.AsyncReaderWriterLock"/>.
            </summary>
        </member>
        <member name="M:Microsoft.Identity.ServiceEssentials.ContainerShared.AsyncReaderWriterLock.ReaderLockAsync">
            <summary>
            Engage reader lock.
            </summary>
            <returns>Lock releaser.</returns>
        </member>
        <member name="M:Microsoft.Identity.ServiceEssentials.ContainerShared.AsyncReaderWriterLock.WriterLockAsync">
            <summary>
            Engage writer lock.
            </summary>
            <returns>Lock releaser.</returns>
        </member>
        <member name="M:Microsoft.Identity.ServiceEssentials.ContainerShared.AsyncReaderWriterLock.ReaderLockSync">
            <summary>
            Engage reader lock.
            </summary>
            <returns>Lock releaser.</returns>
        </member>
        <member name="M:Microsoft.Identity.ServiceEssentials.ContainerShared.AsyncReaderWriterLock.WriterLockSync">
            <summary>
            Engage writer lock.
            </summary>
            <returns>Lock releaser.</returns>
        </member>
        <member name="T:Microsoft.Identity.ServiceEssentials.ContainerShared.AsyncReaderWriterLock.Releaser">
            <summary>
            Lock releaser for <see cref="T:Microsoft.Identity.ServiceEssentials.ContainerShared.AsyncReaderWriterLock"/>.
            </summary>
        </member>
        <member name="M:Microsoft.Identity.ServiceEssentials.ContainerShared.AsyncReaderWriterLock.Releaser.Dispose">
            <summary>
            Releases the lock.
            </summary>
        </member>
        <member name="T:Microsoft.Identity.ServiceEssentials.ContainerShared.CallDownstreamApi">
            <summary>
            DownstreamApi class
            </summary>
        </member>
        <member name="M:Microsoft.Identity.ServiceEssentials.ContainerShared.CallDownstreamApi.#ctor(Microsoft.Extensions.Options.IOptionsMonitor{System.Collections.Generic.Dictionary{System.String,Microsoft.Identity.Abstractions.DownstreamApiOptions}})">
            <summary>
            Initializes a new instance of <see cref="T:Microsoft.Identity.ServiceEssentials.ContainerShared.GetAuthorizationHeader"/>.
            </summary>
            <param name="downstreamApiOptionsMonitor">Configuration monitor for the <see cref="T:Microsoft.Identity.Abstractions.DownstreamApiOptions"/>.</param>
        </member>
        <member name="M:Microsoft.Identity.ServiceEssentials.ContainerShared.CallDownstreamApi.CallDownstreamApiAsync(Microsoft.Identity.Abstractions.IDownstreamApi,System.String,System.String,System.String,System.Security.Claims.ClaimsPrincipal,Microsoft.Identity.Abstractions.DownstreamApiOptions,System.Boolean,System.Threading.CancellationToken)">
            <summary>
            Call downstream api
            </summary>
            <param name="downstreamApi">Downstream Api.</param>
            <param name="downstreamApiName">The downstream api name.</param>
            <param name="input">Optional input.</param>
            <param name="inputContentType"></param>
            <param name="claimsPrincipal">User information in the case of a user token.</param>
            <param name="optionsOverrides">Optional overrides</param>
            <param name="managedIdentity">Optional flag to mark if call is using managedIdentity. Only used to improve error handling.</param>
            <param name="cancellationToken">The <see cref="T:System.Threading.CancellationToken"/> used to propagate notifications that the operation should be canceled.</param>
            <returns>Response from downstream api.</returns>
        </member>
        <member name="M:Microsoft.Identity.ServiceEssentials.ContainerShared.CallDownstreamApi.Dispose(System.Boolean)">
            <summary>
            Overrload this Dispose method in your extended class.
            </summary>
            <remarks>
            Part of <see cref="T:System.IDisposable"/> pattern.
            </remarks>
            <param name="disposing"><c>True</c> if disposing.</param>
        </member>
        <member name="M:Microsoft.Identity.ServiceEssentials.ContainerShared.CallDownstreamApi.Dispose">
            <summary>
            Dispose the instance.
            </summary>
            <remarks>
            Part of <see cref="T:System.IDisposable"/> pattern.
            </remarks>
        </member>
        <member name="T:Microsoft.Identity.ServiceEssentials.ContainerShared.CallDownstreamApiBuilder">
            <summary>
            Downstream Api Builder class
            </summary>
        </member>
        <member name="M:Microsoft.Identity.ServiceEssentials.ContainerShared.CallDownstreamApiBuilder.RegisterCallDownstreamApiServices(Microsoft.Extensions.Configuration.IConfiguration,Microsoft.Extensions.DependencyInjection.IServiceCollection,Microsoft.Identity.Abstractions.IDownstreamApi)">
            <summary>
            Register required services for the <see cref="T:Microsoft.Identity.ServiceEssentials.ContainerShared.CallDownstreamApi"/> serivces.
            </summary>
            <param name="configuration">The provided configuration.</param>
            <param name="services">The provided service collection.</param>
            <param name="downstreamApiInstance">Instance of the downstream api service.</param>
            <exception cref="T:System.ArgumentNullException">Thrown if any of the params are null.</exception>
        </member>
        <member name="T:Microsoft.Identity.ServiceEssentials.ContainerShared.ClientInputValidator">
            <summary>
            Validates client input.
            </summary>
        </member>
        <member name="M:Microsoft.Identity.ServiceEssentials.ContainerShared.ClientInputValidator.IsClientInputValid(System.Boolean,System.Boolean,System.String,System.String,System.String@)">
            <summary>
            Validate the client input.
            </summary>
            <remarks>
            Input is checked against required parameters for the validation that is enabled.
            </remarks>
            <param name="popUriValidationEnabled">Determines whether pop uri validation is enabled.</param>
            <param name="popMethodValidationEnabled">Determines whether pop method validation is enabled.</param>
            <param name="originalURI">The URI of the original request.</param>
            <param name="originalMethod">The HTTP method of the original request.</param>
            <param name="response">The response to return.</param>
            <returns>
            A 2 tuple containing:
            a bool that is <c>true</c> if the client input is valid; otherwise <c>false</c> and 
            originalURI as a URI object if it was parsed.
            </returns>
        </member>
        <member name="M:Microsoft.Identity.ServiceEssentials.ContainerShared.ClientInputValidator.MergeDownstreamApiOptionsOverrides(Microsoft.Identity.Abstractions.DownstreamApiOptions,Microsoft.Identity.Abstractions.DownstreamApiOptions,System.Boolean)">
            <summary>
            Merge and validate the downstream api options provided by client
            </summary>
            <param name="left"></param>
            <param name="right"></param>
            <param name="managedIdentity"></param>
            <returns>DownstreamApiOptions left merged with right</returns>
        </member>
        <member name="T:Microsoft.Identity.ServiceEssentials.ContainerShared.ConfigurationExtensions">
            <summary>
            Extension methods for adding configuration.
            </summary>
        </member>
        <member name="M:Microsoft.Identity.ServiceEssentials.ContainerShared.ConfigurationExtensions.AddConfigurationSourceFromEnvironmentVariable(Microsoft.Extensions.Configuration.IConfigurationBuilder)">
            <summary>
            If specified by the environment variable, MISE_APPSETTINGS_LOCATION, add the json file
            specified by the variables value to the configuration sources.
            </summary>
        </member>
        <member name="T:Microsoft.Identity.ServiceEssentials.ContainerShared.FilteredInboundPolicyProvider">
            <summary>
            An inbound policy provider that allows developers to specify a set of policies to filter upon. 
            </summary>
        </member>
        <member name="F:Microsoft.Identity.ServiceEssentials.ContainerShared.FilteredInboundPolicyProvider.InboundPolicyFilterErrorKey">
            <summary>
            The defined key for surfacing an error message in the context property bag
            </summary>
        </member>
        <member name="M:Microsoft.Identity.ServiceEssentials.ContainerShared.FilteredInboundPolicyProvider.GetPolicies(System.Collections.Generic.IEnumerable{Microsoft.IdentityModel.S2S.S2SInboundPolicy},Microsoft.IdentityModel.Protocols.HttpRequestData,Microsoft.IdentityModel.S2S.S2SContext)">
            <summary>
            Filters the configured policies based on a set of given inbound policies and returns the resulting collection of inbound policies.
            </summary>
            <param name="configuredPolicies">All configured <see cref="T:Microsoft.IdentityModel.S2S.S2SInboundPolicy"/> objects.</param>
            <param name="httpRequestData"><see cref="T:Microsoft.Identity.ServiceEssentials.HttpRequestData"/> that represents the current request.</param>
            <param name="context"><see cref="T:Microsoft.IdentityModel.S2S.S2SContext"/> for the current request.</param>
            <returns>Collection of <see cref="T:Microsoft.IdentityModel.S2S.S2SInboundPolicy"/> objects that are applicable for the current request.</returns>
        </member>
        <member name="M:Microsoft.Identity.ServiceEssentials.ContainerShared.FilteredInboundPolicyProvider.GetHeaderIncomingPolicies(System.Collections.Generic.IEnumerable{System.String})">
            <summary>
            Split the given header value on "," to return a set of policy labels.
            </summary>
            <param name="unprocessedHeaderProvidedPolicies"></param>
            <returns>Set of policy labels.</returns>
        </member>
        <member name="T:Microsoft.Identity.ServiceEssentials.ContainerShared.GetAuthorizationHeader">
            <summary>
            Get Authorization Header class
            </summary>
        </member>
        <member name="M:Microsoft.Identity.ServiceEssentials.ContainerShared.GetAuthorizationHeader.#ctor(Microsoft.Extensions.Options.IOptionsMonitor{System.Collections.Generic.Dictionary{System.String,Microsoft.Identity.Abstractions.DownstreamApiOptions}},Microsoft.Identity.Abstractions.IAuthorizationHeaderProvider)">
            <summary>
            Initializes a new instance of <see cref="T:Microsoft.Identity.ServiceEssentials.ContainerShared.GetAuthorizationHeader"/>.
            </summary>
            <param name="downstreamApiOptionsMonitor">Configuration monitor for the <see cref="T:Microsoft.Identity.Abstractions.DownstreamApiOptions"/>.</param>
            <param name="authorizationHeaderProvider">Authorization header provider.</param>
        </member>
        <member name="M:Microsoft.Identity.ServiceEssentials.ContainerShared.GetAuthorizationHeader.GetAuthorizationHeaderAsync(System.String,System.Security.Claims.ClaimsPrincipal,Microsoft.Identity.Abstractions.DownstreamApiOptions,System.Boolean,System.Threading.CancellationToken)">
            <summary>
            Get Authorization header.
            </summary>
            <param name="serviceName">Name, in the configuration, of the description of the downstream API to call which we need an authorization header.</param>
            <param name="claimsPrincipal">User information in the case of a user token.</param>
            <param name="optionsOverrides">Optional overrides</param>
            <param name="managedIdentity">Optional flag to mark if call is using managedIdentity. Only used to improve error handling.</param>
            <param name="cancellationToken">Cancellation token.</param>
        </member>
        <member name="M:Microsoft.Identity.ServiceEssentials.ContainerShared.GetAuthorizationHeader.Dispose(System.Boolean)">
            <summary>
            Implements the <see cref="T:System.IDisposable"/> pattern.
            </summary>
            <param name="disposing"><c>true</c> if disposing.</param>
        </member>
        <member name="M:Microsoft.Identity.ServiceEssentials.ContainerShared.GetAuthorizationHeader.Dispose">
            <inheritdoc/>
        </member>
        <member name="T:Microsoft.Identity.ServiceEssentials.ContainerShared.GetAuthorizationHeaderBuilder">
            <summary>
            Get Authorization Header class
            </summary>
        </member>
        <member name="M:Microsoft.Identity.ServiceEssentials.ContainerShared.GetAuthorizationHeaderBuilder.RegisterGetAuthorizationHeaderServices(Microsoft.Extensions.DependencyInjection.IServiceCollection)">
            <summary>
            Add services for <see cref="T:Microsoft.Identity.ServiceEssentials.ContainerShared.GetAuthorizationHeader"/>.
            </summary>
            <param name="services">The provided service collection</param>
            <exception cref="T:System.ArgumentNullException"></exception>
        </member>
        <member name="T:Microsoft.Identity.ServiceEssentials.ContainerShared.ICallDownstreamApi">
            <summary>
            Interface describing the capability for calling a downstream api.
            </summary>
        </member>
        <member name="M:Microsoft.Identity.ServiceEssentials.ContainerShared.ICallDownstreamApi.CallDownstreamApiAsync(Microsoft.Identity.Abstractions.IDownstreamApi,System.String,System.String,System.String,System.Security.Claims.ClaimsPrincipal,Microsoft.Identity.Abstractions.DownstreamApiOptions,System.Boolean,System.Threading.CancellationToken)">
            <summary>
            Call downstream api
            </summary>
            <param name="downstreamApi">The downstream api.</param>
            <param name="downstreamApiName">The downstream api name.</param>
            <param name="input">Optional input</param>
            <param name="inputContentType">Optional content-type input</param>
            <param name="claimsPrincipal">Optional user</param>
            <param name="optionsOverrides">Optional overrides</param>
            <param name="managedIdentity">Optional flag to mark if call is using managedIdentity. Only used to improve error handling.</param>
            <param name="cancellationToken">The <see cref="T:System.Threading.CancellationToken"/> used to propagate notifications that the operation should be canceled.</param>
            <returns>Response from downstream api.</returns>
        </member>
        <member name="T:Microsoft.Identity.ServiceEssentials.ContainerShared.IGetAuthorizationHeader">
            <summary>
            Get Authorization Header class
            </summary>
        </member>
        <member name="M:Microsoft.Identity.ServiceEssentials.ContainerShared.IGetAuthorizationHeader.GetAuthorizationHeaderAsync(System.String,System.Security.Claims.ClaimsPrincipal,Microsoft.Identity.Abstractions.DownstreamApiOptions,System.Boolean,System.Threading.CancellationToken)">
            <summary>
            Get Authorization header.
            </summary>
            <param name="serviceName">Name, in the configuration, of the description of the downstream API to call which we need an authorization header.</param>
            <param name="claimsPrincipal">User information in the case of a user token.</param>
            <param name="optionsOverrides">Optional overrides</param>
            <param name="managedIdentity">Optional flag to mark if call is using managedIdentity. Only used to improve error handling.</param>
            <param name="cancellationToken">Cancellation token.</param>
        </member>
        <member name="T:Microsoft.Identity.ServiceEssentials.ContainerShared.IMutableSingletonService`2">
            <summary>
            Interface for a mutable singleton service pattern implementations that allows to handle options change.
            </summary>
        </member>
        <member name="M:Microsoft.Identity.ServiceEssentials.ContainerShared.IMutableSingletonService`2.ExecuteWithOptions(System.Func{`0,System.Threading.CancellationToken,System.Threading.Tasks.Task{`1}},System.Threading.CancellationToken)">
            <summary>
            Executes provided function with most recent option values.
            </summary>
            <param name="func">Function to execute with option values.</param>
            <param name="cancellationToken">Cancellation token.</param>
        </member>
        <member name="T:Microsoft.Identity.ServiceEssentials.ContainerShared.IS2SAuthenticationManagerProvider">
            <summary>
            S2S Authentication manager provider.
            </summary>
        </member>
        <member name="M:Microsoft.Identity.ServiceEssentials.ContainerShared.IS2SAuthenticationManagerProvider.CreateS2SAuthenticationManager">
            <summary>
            Creates the <see cref="T:Microsoft.IdentityModel.S2S.S2SAuthenticationManager"/>.
            </summary>
            <returns>Instance of <see cref="T:Microsoft.IdentityModel.S2S.S2SAuthenticationManager"/>.</returns>
        </member>
        <member name="T:Microsoft.Identity.ServiceEssentials.ContainerShared.JsonWebTokenBackedAuthenticationTicket">
            <summary>
            This is a class aimed to increase performance of MISE instances that have no modules registered by not accessing
            <see cref="P:Microsoft.Identity.ServiceEssentials.AuthenticationTicket.SubjectIdentity"/> nad <see cref="P:Microsoft.Identity.ServiceEssentials.AuthenticationTicket.ActorIdentity"/>.
            Instead, the ticket is backed by <see cref="P:Microsoft.Identity.ServiceEssentials.ContainerShared.JsonWebTokenBackedAuthenticationTicket.SubjectToken"/> and <see cref="P:Microsoft.Identity.ServiceEssentials.ContainerShared.JsonWebTokenBackedAuthenticationTicket.ActorToken"/>.
            As soon as efficiency of <see cref="T:System.Security.Claims.ClaimsIdentity"/> objects is improved, this class should be removed.
            </summary>
        </member>
        <member name="M:Microsoft.Identity.ServiceEssentials.ContainerShared.JsonWebTokenBackedAuthenticationTicket.#ctor(Microsoft.Identity.ServiceEssentials.AuthenticationScheme)">
            <summary>
            Constructor of the authentication ticket.
            </summary>
            <param name="authenticationScheme">Authentication scheme used to authenticate</param>
        </member>
        <member name="P:Microsoft.Identity.ServiceEssentials.ContainerShared.JsonWebTokenBackedAuthenticationTicket.SubjectToken">
            <summary>
            <see cref="T:Microsoft.IdentityModel.JsonWebTokens.JsonWebToken"/> representing the Subject.
            It may be <see langword="null"/>.
            </summary>
        </member>
        <member name="P:Microsoft.Identity.ServiceEssentials.ContainerShared.JsonWebTokenBackedAuthenticationTicket.ActorToken">
            <summary>
            <see cref="T:Microsoft.IdentityModel.JsonWebTokens.JsonWebToken"/> representing the Actor.
            It may be <see langword="null"/>.
            </summary>
        </member>
        <member name="T:Microsoft.Identity.ServiceEssentials.ContainerShared.JsonWebTokenBackedAuthenticationTicketProvider">
            <summary>
            This is a class aimed to increase performance of MISE instances that have no modules registered by not accessing
            <see cref="P:Microsoft.Identity.ServiceEssentials.AuthenticationTicket.SubjectIdentity"/> nad <see cref="P:Microsoft.Identity.ServiceEssentials.AuthenticationTicket.ActorIdentity"/>.
            Instead, this class creates <see cref="T:Microsoft.Identity.ServiceEssentials.ContainerShared.JsonWebTokenBackedAuthenticationTicket"/> that sets
            <see cref="P:Microsoft.Identity.ServiceEssentials.ContainerShared.JsonWebTokenBackedAuthenticationTicket.SubjectToken"/> and <see cref="P:Microsoft.Identity.ServiceEssentials.ContainerShared.JsonWebTokenBackedAuthenticationTicket.ActorToken"/>.
            As soon as efficiency of <see cref="T:System.Security.Claims.ClaimsIdentity"/> objects is improved, this class should be removed.
            </summary>
        </member>
        <member name="M:Microsoft.Identity.ServiceEssentials.ContainerShared.JsonWebTokenBackedAuthenticationTicketProvider.#ctor(Microsoft.IdentityModel.S2S.S2SAuthenticationManager)">
            <summary>
            Creates a new <see cref="T:Microsoft.Identity.ServiceEssentials.ContainerShared.JsonWebTokenBackedAuthenticationTicketProvider"/> instance using <paramref name="authenticationManager"/>.
            </summary>
            <param name="authenticationManager">Manages authentication using handlers and policies. Needs to contain at least on <see cref="T:Microsoft.IdentityModel.S2S.S2SAuthenticationHandler"/></param>
        </member>
        <member name="T:Microsoft.Identity.ServiceEssentials.ContainerShared.LogMessages">
            <summary>
            Log message shared between the Container and Native
            </summary>
        </member>
        <member name="T:Microsoft.Identity.ServiceEssentials.ContainerShared.MiseAuthenticationBuilderWithConfigurationExtensions">
            <summary>
            Extension for loading modules from config.
            </summary>
        </member>
        <member name="F:Microsoft.Identity.ServiceEssentials.ContainerShared.MiseAuthenticationBuilderWithConfigurationExtensions.ModuleType">
            <summary>
            Name of the configuration module type entry in the module section of the configuration.
            </summary>
        </member>
        <member name="M:Microsoft.Identity.ServiceEssentials.ContainerShared.MiseAuthenticationBuilderWithConfigurationExtensions.WithModulesFromConfig(Microsoft.Identity.ServiceEssentials.MiseAuthenticationBuilderWithConfiguration,System.String)">
            <summary>
            Adds modules based on configuration to mise.
            </summary>
            <param name="builder">The <see cref="T:Microsoft.Identity.ServiceEssentials.MiseAuthenticationBuilderWithConfiguration"/> to register the module into.</param>
            <param name="moduleSection">The section of the config that defines the modules to be used.</param>
            <returns>The original <see cref="T:Microsoft.Identity.ServiceEssentials.MiseAuthenticationBuilderWithConfiguration"/>.</returns>
        </member>
        <member name="M:Microsoft.Identity.ServiceEssentials.ContainerShared.MiseAuthenticationBuilderWithConfigurationExtensions.WithDistributedCacheFromConfig(Microsoft.Identity.ServiceEssentials.MiseAuthenticationBuilderWithConfiguration)">
            <summary>
            Adds distributed cache based on configuration to mise.
            </summary>
            <param name="builder">The <see cref="T:Microsoft.Identity.ServiceEssentials.MiseAuthenticationBuilderWithConfiguration"/> to register the module into.</param>
            <returns>The original <see cref="T:Microsoft.Identity.ServiceEssentials.MiseAuthenticationBuilderWithConfiguration"/>.</returns>
        </member>
        <member name="M:Microsoft.Identity.ServiceEssentials.ContainerShared.MiseAuthenticationBuilderWithConfigurationExtensions.RegisterModule``1(Microsoft.Identity.ServiceEssentials.MiseAuthenticationBuilderWithConfiguration,System.String)">
            <summary>
            Similar to Registrations.RegisterModulePrivate, because we cannot use the public api surface as the method that would
            be required here is obsolete
            </summary>
        </member>
        <member name="T:Microsoft.Identity.ServiceEssentials.ContainerShared.MiseContextSetup">
            <summary>
            Sets up <see cref="T:Microsoft.Identity.ServiceEssentials.MiseHttpContext" />.
            </summary>
        </member>
        <member name="M:Microsoft.Identity.ServiceEssentials.ContainerShared.MiseContextSetup.SetupMiseContext(System.Uri,System.String,System.Collections.Generic.IDictionary{System.String,Microsoft.Extensions.Primitives.StringValues})">
            <summary>
            Creates a <see cref="T:Microsoft.Identity.ServiceEssentials.MiseHttpContext"/> based on the supplied values.
            </summary>
            <param name="headers">Request headers.</param>
            <param name="originalMethod">Original method that the request has been sent with.</param>
            <param name="originalURI">Original uri.</param>
            <remarks>
            Assumption is that the input is valid between what is supplied and what is being validated.
            </remarks>
        </member>
        <member name="T:Microsoft.Identity.ServiceEssentials.ContainerShared.MiseInboundPolicyException">
            <summary>
            Represents a failure associated with inbound policy(ies).
            </summary>
        </member>
        <member name="M:Microsoft.Identity.ServiceEssentials.ContainerShared.MiseInboundPolicyException.#ctor">
            <summary>
            Initializes a new instance of a <see cref="T:Microsoft.Identity.ServiceEssentials.ContainerShared.MiseInboundPolicyException"/> class
            </summary>
        </member>
        <member name="M:Microsoft.Identity.ServiceEssentials.ContainerShared.MiseInboundPolicyException.#ctor(System.String)">
            <summary>
            Initializes a new instance of a <see cref="T:Microsoft.Identity.ServiceEssentials.ContainerShared.MiseInboundPolicyException"/> class
            </summary>
            <param name="message">The message that describes the error</param>
        </member>
        <member name="M:Microsoft.Identity.ServiceEssentials.ContainerShared.MiseInboundPolicyException.#ctor(System.String,System.Exception)">
            <summary>
            Initializes a new instance of a <see cref="T:Microsoft.Identity.ServiceEssentials.ContainerShared.MiseInboundPolicyException"/> class
            </summary>
            <param name="message">The message that describes the error</param>
            <param name="innerException">The exception that is the cause of the current exception</param>
        </member>
        <member name="M:Microsoft.Identity.ServiceEssentials.ContainerShared.MiseInboundPolicyException.#ctor(System.Runtime.Serialization.SerializationInfo,System.Runtime.Serialization.StreamingContext)">
            <summary>
            Initializes a new instance of a <see cref="T:Microsoft.Identity.ServiceEssentials.ContainerShared.MiseInboundPolicyException"/> class with serialized data
            </summary>
            <param name="serializationInfo">
            The <see cref="T:System.Runtime.Serialization.SerializationInfo"/> that holds the serialized object data about the exception being thrown.
            </param>
            <param name="streamingContext">
            The <see cref="T:System.Runtime.Serialization.StreamingContext"/> that contains contextual information about the source or destination
            </param>
        </member>
        <member name="M:Microsoft.Identity.ServiceEssentials.ContainerShared.MiseInboundPolicyException.ToString">
            <inheritdoc/>
        </member>
        <member name="T:Microsoft.Identity.ServiceEssentials.ContainerShared.MutableSingletonService`2">
            <summary>
            Mutable singleton service pattern implementations that allows to handle options change.
            </summary>
        </member>
        <member name="M:Microsoft.Identity.ServiceEssentials.ContainerShared.MutableSingletonService`2.#ctor(Microsoft.Extensions.Options.IOptionsMonitor{`0})">
            <summary>
            Initializes a new instance of <see cref="T:Microsoft.Identity.ServiceEssentials.ContainerShared.GetAuthorizationHeader"/>.
            </summary>
            <param name="optionsMonitor">Configuration monitor for the <see cref="T:Microsoft.Identity.Abstractions.DownstreamApiOptions"/>.</param>
        </member>
        <member name="M:Microsoft.Identity.ServiceEssentials.ContainerShared.MutableSingletonService`2.ExecuteWithOptions(System.Func{`0,System.Threading.CancellationToken,System.Threading.Tasks.Task{`1}},System.Threading.CancellationToken)">
            <summary>
            Executes provided function with most recent option values.
            </summary>
            <param name="func">Function to execute with option values.</param>
            <param name="cancellationToken">Cancellation token.</param>
        </member>
        <member name="M:Microsoft.Identity.ServiceEssentials.ContainerShared.MutableSingletonService`2.Dispose(System.Boolean)">
            <summary>
            Implements the <see cref="T:System.IDisposable"/> pattern.
            </summary>
            <param name="disposing"><c>true</c> if disposing.</param>
        </member>
        <member name="M:Microsoft.Identity.ServiceEssentials.ContainerShared.MutableSingletonService`2.Dispose">
            <inheritdoc/>
        </member>
        <member name="T:Microsoft.Identity.ServiceEssentials.ContainerShared.PopTokenHandler">
            <summary>
            Pop token handler.
            </summary>
        </member>
        <member name="M:Microsoft.Identity.ServiceEssentials.ContainerShared.PopTokenHandler.IsPopMethodValidationEnabled(Microsoft.Identity.ServiceEssentials.Authentication.AuthenticationTicketProvider)">
            <summary>
            Determine if Pop Method validation is enabled or not.
            </summary>
            <remarks>
            Determination is done by going through SAL policies and actor policies and checking
            SignedHttpRequest(Validate m) || MsAuth AT_POP(validateM)
            </remarks>
            <returns><c>true</c> if Pop Method validation is enabled; otherwise <c>false</c></returns>
        </member>
        <member name="M:Microsoft.Identity.ServiceEssentials.ContainerShared.PopTokenHandler.IsPopMethodValidationEnabledOnPolicy(Microsoft.IdentityModel.S2S.S2SInboundPolicy)">
            <summary>
            Determines if pop method validation is enabled on policy.
            </summary>
            <param name="policy">Policy to evaluate.</param>
            <returns><c>True</c> if pop method is enabled. <c>False</c> otherwise.</returns>
        </member>
        <member name="M:Microsoft.Identity.ServiceEssentials.ContainerShared.PopTokenHandler.IsPopUriValidationEnabled(Microsoft.Identity.ServiceEssentials.Authentication.AuthenticationTicketProvider)">
            <summary>
            Determine if Pop Uri validation is enabled or not.
            </summary>
            <param name="authenticationTicketProvider">Authentication ticket provider.</param>
            <remarks>
            Determination is done by going through SAL policies and actor policies and checking
            SignedHttpRequest(Validate p, u, q) || MsAuth AT_POP(validateP, validateQ)
            </remarks>
            <returns><c>true</c> if Pop Method validation is enabled; otherwise <c>false</c></returns>
        </member>
        <member name="T:Microsoft.Identity.ServiceEssentials.ContainerShared.RequestHeaderNames">
            <summary>
            Names of the required request headers.
            </summary>
        </member>
        <member name="F:Microsoft.Identity.ServiceEssentials.ContainerShared.RequestHeaderNames.OriginalURIHeaderName">
            <summary>
            The request header name used to indicate the original URI.
            </summary>
        </member>
        <member name="F:Microsoft.Identity.ServiceEssentials.ContainerShared.RequestHeaderNames.OriginalMethodHeaderName">
            <summary>
            The request header name used to indicate the original method.
            </summary>
        </member>
        <member name="F:Microsoft.Identity.ServiceEssentials.ContainerShared.RequestHeaderNames.OriginalIPAddressHeaderName">
            <summary>
            The request header name used to indicate the original Ip Address.
            </summary>
        </member>
        <member name="F:Microsoft.Identity.ServiceEssentials.ContainerShared.RequestHeaderNames.ReturnAllHeaderName">
            <summary>
            The request header name used to indicate that all response headers should be returned.
            </summary>
        </member>
        <member name="F:Microsoft.Identity.ServiceEssentials.ContainerShared.RequestHeaderNames.ReturnAuthenticationSchemeHeaderName">
            <summary>
            The request header name used to indicate that the authentication scheme should be returned if validation is successful.
            </summary>
        </member>
        <member name="F:Microsoft.Identity.ServiceEssentials.ContainerShared.RequestHeaderNames.ReturnSubjectTokenHeaderName">
            <summary>
            The request header name used to indicate that the subject token should be returned if validation is successful.
            </summary>
        </member>
        <member name="F:Microsoft.Identity.ServiceEssentials.ContainerShared.RequestHeaderNames.ReturnSubjectTokenTypeHeaderName">
            <summary>
            The request header name used to indicate that the subject token type should be returned if validation is successful.
            </summary>
        </member>
        <member name="F:Microsoft.Identity.ServiceEssentials.ContainerShared.RequestHeaderNames.ReturnActorTokenHeaderName">
            <summary>
            The request header name used to indicate that the subject token should be returned if validation is successful.
            </summary>
        </member>
        <member name="F:Microsoft.Identity.ServiceEssentials.ContainerShared.RequestHeaderNames.ReturnAllSubjectTokenClaimsName">
            <summary>
            The request header name used to indicate that all claims in the subject token should be returned if validation is successful.
            </summary>
        </member>
        <member name="F:Microsoft.Identity.ServiceEssentials.ContainerShared.RequestHeaderNames.ReturnAllActorTokenClaimsName">
            <summary>
            The request header name used to indicate that all claims in the actor token should be returned if validation is successful.
            </summary>
        </member>
        <member name="F:Microsoft.Identity.ServiceEssentials.ContainerShared.RequestHeaderNames.InboundPolicyFilterHeaderName">
            <summary>
            The request header name used to indicate the inbound policies to filter.
            </summary>
        </member>
        <member name="F:Microsoft.Identity.ServiceEssentials.ContainerShared.RequestHeaderNames.MSCV">
            <summary>
            The request header used for the correlation vector.
            </summary>
            <remarks>
            See: https://github.com/microsoft/CorrelationVector
            </remarks>
        </member>
        <member name="F:Microsoft.Identity.ServiceEssentials.ContainerShared.RequestHeaderNames.ContentTypeHeaderName">
            <summary>
            The request header used for the content type.
            </summary>
        </member>
        <member name="F:Microsoft.Identity.ServiceEssentials.ContainerShared.RequestHeaderNames.AcceptHeaderName">
            <summary>
            The request header used to indicate the request accept header value.
            </summary>
        </member>
        <member name="T:Microsoft.Identity.ServiceEssentials.ContainerShared.ResponseHeaders">
            <summary>
            Name of response headers.
            </summary>
        </member>
        <member name="F:Microsoft.Identity.ServiceEssentials.ContainerShared.ResponseHeaders.ErrorDescriptionHeader">
            <summary>
            The header name for error descriptions.
            </summary>
        </member>
        <member name="F:Microsoft.Identity.ServiceEssentials.ContainerShared.ResponseHeaders.AuthenticationSchemeHeader">
            <summary>
            The header name for the authentication scheme.
            </summary>
        </member>
        <member name="F:Microsoft.Identity.ServiceEssentials.ContainerShared.ResponseHeaders.SubjectTokenHeader">
            <summary>
            The header name for the subject token.
            </summary>
        </member>
        <member name="F:Microsoft.Identity.ServiceEssentials.ContainerShared.ResponseHeaders.SubjectTokenTypeHeader">
            <summary>
            The header name for the subject token type.
            </summary>
        </member>
        <member name="F:Microsoft.Identity.ServiceEssentials.ContainerShared.ResponseHeaders.ActorTokenHeader">
            <summary>
            The header name for the actor token.
            </summary>
        </member>
        <member name="F:Microsoft.Identity.ServiceEssentials.ContainerShared.ResponseHeaders.WwwAuthenticate">
            <summary>
            The header name for authenticate token.
            </summary>
        </member>
        <member name="T:Microsoft.Identity.ServiceEssentials.ContainerShared.ResultProcessing">
            <summary>
            Processes mise result into http headers.
            </summary>
        </member>
        <member name="M:Microsoft.Identity.ServiceEssentials.ContainerShared.ResultProcessing.EnsureCorrelationHeader(Microsoft.Identity.ServiceEssentials.MiseResult{Microsoft.Identity.ServiceEssentials.MiseHttpContext},System.Collections.Generic.IDictionary{System.String,Microsoft.Extensions.Primitives.StringValues},System.Collections.Generic.IDictionary{System.String,Microsoft.Extensions.Primitives.StringValues})">
            <summary>
            Ensures correlation header is included in the response headers if required.
            </summary>
            <param name="result">Mise result.</param>
            <param name="requestHeaders">Request headers.</param>
            <param name="responseHeaders">Response headers that will contain processed results.</param>
        </member>
        <member name="M:Microsoft.Identity.ServiceEssentials.ContainerShared.ResultProcessing.ProcessSuccessResult(Microsoft.IdentityModel.S2S.S2SAuthenticationResult,System.Collections.Generic.IDictionary{System.String,Microsoft.Extensions.Primitives.StringValues},Microsoft.Identity.ServiceEssentials.MiseHttpContext,System.Collections.Generic.IDictionary{System.String,Microsoft.Extensions.Primitives.StringValues},System.Action{System.Security.Claims.Claim,System.Collections.Generic.IList{System.Collections.Generic.KeyValuePair{System.String,System.String}}},System.Collections.Generic.IList{System.Collections.Generic.KeyValuePair{System.String,System.String}},System.Action{System.Security.Claims.Claim,System.Collections.Generic.IList{System.Collections.Generic.KeyValuePair{System.String,System.String}}},System.Collections.Generic.IList{System.Collections.Generic.KeyValuePair{System.String,System.String}})">
            <summary>
            Processes MISE success result into response headers.
            </summary>
            <param name="result">S2S authentication result.</param>
            <param name="requestHeaders">Request headers.</param>
            <param name="context">Mise context.</param>
            <param name="responseHeaders">Response headers.</param>
            <param name="subjectClaimAction">Optional subject claim handler.</param>
            <param name="subjectClaimsResultSet">Optional subject claim result set.</param>
            <param name="actorClaimAction">Optional actor claim handler.</param>
            <param name="actorClaimsResultSet">Optional actor claims result set.</param>
            <returns>Http response representing the result.</returns>
        </member>
        <member name="M:Microsoft.Identity.ServiceEssentials.ContainerShared.ResultProcessing.ProcessFailureResult(Microsoft.Identity.ServiceEssentials.MiseResult{Microsoft.Identity.ServiceEssentials.MiseHttpContext},Microsoft.IdentityModel.S2S.S2SAuthenticationResult,System.Collections.Generic.IDictionary{System.String,Microsoft.Extensions.Primitives.StringValues})">
            <summary>
            Processes MISE success result into response headers.
            </summary>
            <param name="result">MISE result.</param>
            <param name="s2sResult">S2S authentication result.</param>
            <param name="responseHeaders">Response headers.</param>
            <returns>Http response representing the result.</returns>
        </member>
        <member name="M:Microsoft.Identity.ServiceEssentials.ContainerShared.ResultProcessing.HandleError(System.String,System.Collections.Generic.IDictionary{System.String,Microsoft.Extensions.Primitives.StringValues})">
            <summary>
            Handles errors.
            </summary>
            <param name="errorMessage">Error message.</param>
            <param name="responseHeaders">Response headers to contain the message.</param>
        </member>
        <member name="M:Microsoft.Identity.ServiceEssentials.ContainerShared.ResultProcessing.AddHeadersFromS2SResult(Microsoft.IdentityModel.S2S.S2SAuthenticationResult,System.Collections.Generic.IDictionary{System.String,Microsoft.Extensions.Primitives.StringValues})">
            <summary>
            Adds headers from S2S result.
            </summary>
            <param name="s2sResult">Result to add headers from.</param>
            <param name="responseHeaders">Response headers to add results to.</param>
        </member>
        <member name="M:Microsoft.Identity.ServiceEssentials.ContainerShared.ResultProcessing.AddContentTypeHeader(System.Net.Http.HttpResponseMessage,System.Collections.Generic.IDictionary{System.String,Microsoft.Extensions.Primitives.StringValues})">
            <summary>
            Add the content type header if it exists
            </summary>
        </member>
        <member name="T:Microsoft.Identity.ServiceEssentials.ContainerShared.S2SAuthenticationExtensions">
            <summary>
            Extensions for S2S Authentication set-up from config.
            </summary>
        </member>
        <member name="M:Microsoft.Identity.ServiceEssentials.ContainerShared.S2SAuthenticationExtensions.AddFilteredInboundPolicyProviderFromConfig(Microsoft.IdentityModel.S2S.S2SAuthenticationManager,Microsoft.Extensions.Configuration.IConfiguration)">
            <summary>
            If the Enable Inbound Policy Filter field is present in the config, add FilteredInboundPolicyProvider to S2SAuthenticationManager.
            </summary>
        </member>
        <member name="T:Microsoft.Identity.ServiceEssentials.ContainerShared.S2SAuthenticationManagerProvider">
            <summary>
            S2S Authentication manager provider.
            </summary>
        </member>
        <member name="F:Microsoft.Identity.ServiceEssentials.ContainerShared.S2SAuthenticationManagerProvider.BypassRequireHttpsPolicyEnvironmentVariableName">
            <summary>
            Name of the require https policy bypass environment variable.
            </summary>
        </member>
        <member name="M:Microsoft.Identity.ServiceEssentials.ContainerShared.S2SAuthenticationManagerProvider.#ctor(Microsoft.Extensions.Configuration.IConfiguration)">
            <summary>
            Initializes a new instance of <see cref="T:Microsoft.IdentityModel.S2S.S2SAuthenticationManager"/>.
            </summary>
            <param name="configuration">The <see cref="T:Microsoft.Extensions.Configuration.IConfiguration"/>.</param>
        </member>
        <member name="M:Microsoft.Identity.ServiceEssentials.ContainerShared.S2SAuthenticationManagerProvider.#ctor(Microsoft.Extensions.Configuration.IConfiguration,Microsoft.Identity.Abstractions.ITokenAcquirerFactory,Microsoft.IdentityModel.S2S.Tokens.MetadataManager,System.String)">
            <summary>
            Initializes a new instance of <see cref="T:Microsoft.IdentityModel.S2S.S2SAuthenticationManager"/>.
            </summary>
            <param name="configuration">The <see cref="T:Microsoft.Extensions.Configuration.IConfiguration"/>.</param>
            <param name="tokenAcquirerFactory">The <see cref="T:Microsoft.Identity.Abstractions.ITokenAcquirerFactory"/>.</param>
            <param name="metadataManager">The <see cref="T:Microsoft.IdentityModel.S2S.Tokens.MetadataManager"/>.</param>
            <param name="sectionName">Name of the configuration section.</param>
        </member>
        <member name="M:Microsoft.Identity.ServiceEssentials.ContainerShared.S2SAuthenticationManagerProvider.CreateS2SAuthenticationManager">
            <summary>
            Creates the <see cref="T:Microsoft.IdentityModel.S2S.S2SAuthenticationManager"/> based on configuration.
            </summary>
            <returns>Instance of <see cref="T:Microsoft.IdentityModel.S2S.S2SAuthenticationManager"/>.</returns>
        </member>
        <member name="M:Microsoft.Identity.ServiceEssentials.ContainerShared.S2SAuthenticationManagerProvider.CreateS2SAuthenticationManager(System.Boolean)">
            <summary>
            Creates the <see cref="T:Microsoft.IdentityModel.S2S.S2SAuthenticationManager"/> based on configuration.
            </summary>
            <param name="defaultToProtocolHandler">Determines whether <see cref="T:Microsoft.IdentityModel.S2S.S2SAuthenticationManager"/> should default to protocol handlers.</param>
            <returns>Instance of <see cref="T:Microsoft.IdentityModel.S2S.S2SAuthenticationManager"/>.</returns>
        </member>
        <member name="T:Microsoft.Identity.ServiceEssentials.ContainerShared.TelemetryExtensions">
            <summary>
            Telemetry extensions.
            </summary>
        </member>
        <member name="M:Microsoft.Identity.ServiceEssentials.ContainerShared.TelemetryExtensions.AddBrokerVersion(System.String)">
            <summary>
            Add broker version for telemetry for the container.
            </summary>
            <param name="miseIndicator">Prefix for the version.</param>
        </member>
        <member name="T:Microsoft.Identity.ServiceEssentials.ContainerShared.ThreadPoolConfiguration">
            <summary>
            Thread pool settings from configuration.
            </summary>
        </member>
        <member name="M:Microsoft.Identity.ServiceEssentials.ContainerShared.ThreadPoolConfiguration.GetConfiguredThreadPoolMinThreads(Microsoft.Extensions.Configuration.IConfiguration)">
            <summary>
            Returns the configured value for ThreadPool:MinThreads. Will return
            <c>default</c> value of int if the configuration is not present.
            </summary>
            <param name="configuration">The configuration source.</param>
            <returns>The value from configuration for the thread pool min threads.</returns>
        </member>
        <member name="M:Microsoft.Identity.ServiceEssentials.ContainerShared.ThreadPoolConfiguration.SetThreadPoolMinThreads(System.Int32)">
            <summary>
            Attempts to set the thread pool's min thread value.
            </summary>
            <param name="minThreads">The min threads to set for the thread pool.</param>
            <returns><c>true</c> if able to set the thread pools min threads, otherwise <c>false</c>.</returns>
        </member>
        <member name="T:Microsoft.Identity.ServiceEssentials.ContainerShared.TokenOutputHandler">
            <summary>
            Handles output tokens.
            </summary>
        </member>
        <member name="M:Microsoft.Identity.ServiceEssentials.ContainerShared.TokenOutputHandler.HandleActorTokenHeaders(Microsoft.IdentityModel.S2S.S2SAuthenticationTicket,System.Collections.Generic.IDictionary{System.String,Microsoft.Extensions.Primitives.StringValues},System.Collections.Generic.IDictionary{System.String,Microsoft.Extensions.Primitives.StringValues},System.Action{System.Security.Claims.Claim,System.Collections.Generic.IList{System.Collections.Generic.KeyValuePair{System.String,System.String}}},System.Collections.Generic.IList{System.Collections.Generic.KeyValuePair{System.String,System.String}})">
            <summary>
            Handles outputting the actor token, actor token type, and actor token claims
            as enabled by the input headers.
            </summary>
            <param name="ticket">The authentication ticket to extract claims from.</param>
            <param name="requestHeaders">Request headers.</param>
            <param name="responseHeaders">Response headers.</param>
            <param name="handleClaimAction">Optional action executed per claim instead of the default.</param>
            <param name="claimsResultSet">Optional claims result set.</param>
        </member>
        <member name="M:Microsoft.Identity.ServiceEssentials.ContainerShared.TokenOutputHandler.HandleSubjectTokenHeaders(Microsoft.IdentityModel.S2S.S2SAuthenticationTicket,System.Collections.Generic.IDictionary{System.String,Microsoft.Extensions.Primitives.StringValues},System.Collections.Generic.IDictionary{System.String,Microsoft.Extensions.Primitives.StringValues},System.Action{System.Security.Claims.Claim,System.Collections.Generic.IList{System.Collections.Generic.KeyValuePair{System.String,System.String}}},System.Collections.Generic.IList{System.Collections.Generic.KeyValuePair{System.String,System.String}})">
            <summary>
            Handles outputting the subject token, subject token type, and subject token claims
            as enabled by the input headers.
            </summary>
            <param name="ticket">The authentication ticket to extract claims from.</param>
            <param name="requestHeaders">Request headers.</param>
            <param name="responseHeaders">Response headers.</param>
            <param name="handleClaimAction">Optional action executed per claim instead of the default.</param>
            <param name="claimsResultSet">Optional claims result set.</param>
        </member>
        <member name="M:Microsoft.Identity.ServiceEssentials.ContainerShared.TokenOutputHandler.ShouldReturnAllSubjectTokenClaims(System.Collections.Generic.IDictionary{System.String,Microsoft.Extensions.Primitives.StringValues})">
            <summary>
            Determine if the all subject token claims should be returned as part of the response.
            </summary>
            <param name="requestHeaders">The request headers.</param>
            <returns><c>true</c> if all of the subject token claims shouold be returned; otherwise <c>false.</c></returns>
        </member>
        <member name="M:Microsoft.Identity.ServiceEssentials.ContainerShared.TokenOutputHandler.ShouldReturnSubjectToken(System.Collections.Generic.IDictionary{System.String,Microsoft.Extensions.Primitives.StringValues})">
            <summary>
            Determine if the subject token should be returned as part of the response.
            </summary>
            <param name="requestHeaders">The headers model</param>
            <returns><c>true</c> if the subject token should be returned; otherwise <c>false</c></returns>
        </member>
        <member name="M:Microsoft.Identity.ServiceEssentials.ContainerShared.TokenOutputHandler.ShouldReturnSubjectTokenType(System.Collections.Generic.IDictionary{System.String,Microsoft.Extensions.Primitives.StringValues})">
            <summary>
            Determine if the subject token type should be returned as part of the response.
            </summary>
            <param name="requestHeaders">The headers model</param>
            <returns><c>true</c> if the subject token type should be returned; otherwise <c>false</c></returns>
        </member>
        <member name="M:Microsoft.Identity.ServiceEssentials.ContainerShared.TokenOutputHandler.ShouldReturnActorToken(System.Collections.Generic.IDictionary{System.String,Microsoft.Extensions.Primitives.StringValues})">
            <summary>
            Determine if the actor token should be returned as part of the response.
            </summary>
            <param name="requestHeaders">The headers model</param>
            <returns><c>true</c> if the actor token should be returned; otherwise <c>false</c></returns>
        </member>
        <member name="M:Microsoft.Identity.ServiceEssentials.ContainerShared.TokenOutputHandler.HasActorTokenClaimHeader(System.Collections.Generic.IDictionary{System.String,Microsoft.Extensions.Primitives.StringValues})">
            <summary>
            Determine if the <paramref name="requestHeaders"/> has any headers that control
            returning claims from the actor token
            </summary>
            <param name="requestHeaders">The request headers</param>
            <returns>
            <c>true</c> if the request headers have at least one header that controls returning claims from the actor token;
            otherwise <c>false</c>
            </returns>
        </member>
        <member name="M:Microsoft.Identity.ServiceEssentials.ContainerShared.TokenOutputHandler.HasSubjectTokenClaimHeader(System.Collections.Generic.IDictionary{System.String,Microsoft.Extensions.Primitives.StringValues})">
            <summary>
            Determine if the <paramref name="requestHeaders"/> has any headers that control
            returning claims from the subject token
            </summary>
            <param name="requestHeaders">The request headers</param>
            <returns>
            <c>true</c> if the request headers have at least one header that controls returning claims from the subject token;
            otherwise <c>false</c>
            </returns>
        </member>
        <member name="M:Microsoft.Identity.ServiceEssentials.ContainerShared.TokenOutputHandler.ShouldReturnActorTokenClaim(System.Collections.Generic.IDictionary{System.String,Microsoft.Extensions.Primitives.StringValues},System.String)">
            <summary>
            Determine if the <paramref name="requestHeaders"/> contain a header that specifies
            returning the claim with the name <paramref name="claimName"/>.
            </summary>
            <param name="requestHeaders">The request headers.</param>
            <param name="claimName">The name of the claim.</param>
            <returns><c>true</c> if the claim should be returned in the response; otherwise <c>false</c></returns>
        </member>
        <member name="M:Microsoft.Identity.ServiceEssentials.ContainerShared.TokenOutputHandler.ShouldReturnSubjectTokenClaim(System.Collections.Generic.IDictionary{System.String,Microsoft.Extensions.Primitives.StringValues},System.String)">
            <summary>
            Determine if the <paramref name="requestHeaders"/> contain a header that specifies
            returning the claim with the name <paramref name="claimName"/>.
            </summary>
            <param name="requestHeaders">The request headers.</param>
            <param name="claimName">The name of the claim.</param>
            <returns><c>true</c> if the claim should be returned in the response; otherwise <c>false</c></returns>
        </member>
        <member name="M:Microsoft.Identity.ServiceEssentials.ContainerShared.TokenOutputHandler.HasHeaderWithPrefixValue(System.Collections.Generic.IDictionary{System.String,Microsoft.Extensions.Primitives.StringValues},System.String,System.String)">
            <summary>
            Both the prefix and the claim name are checked using <see cref="F:System.StringComparison.OrdinalIgnoreCase"/>
            </summary>
        </member>
    </members>
</doc>
