<?xml version="1.0"?>
<doc>
    <assembly>
        <name>Microsoft.Identity.ServiceEssentials.TokenAcquisitionIdWeb</name>
    </assembly>
    <members>
        <member name="T:Microsoft.Identity.ServiceEssentials.AuthorizationHeaderProviderFactory">
            <summary>
            Factory to create <see cref="T:Microsoft.Identity.Abstractions.IAuthorizationHeaderProvider"/>
            </summary>
        </member>
        <member name="M:Microsoft.Identity.ServiceEssentials.AuthorizationHeaderProviderFactory.CreateAuthorizationHeaderProvider(System.Action{Microsoft.Identity.Abstractions.MicrosoftIdentityApplicationOptions})">
            <summary>
            Creates an instance of <see cref="T:Microsoft.Identity.Abstractions.IAuthorizationHeaderProvider"/> to be used in Mise Data Providers.
            </summary>
            <param name="configureOptions">[Optional] Action used to configure <see cref="T:Microsoft.Identity.Abstractions.MicrosoftIdentityApplicationOptions"/>.
            If not set, then appsettings.json is expected to be configured. See https://aka.ms/mise/callDownstreamApis
            </param>
            <returns>An instance of an <see cref="T:Microsoft.Identity.ServiceEssentials.IMiseAuthorizationHeaderProvider"/> to be used with Mise Data Providers.</returns>
        </member>
        <member name="T:Microsoft.Identity.ServiceEssentials.MiseAuthenticationBuilderWithConfigurationIdWebExtensions">
            <summary>
            Extension methods enabling MISE to be compatible with Microsoft.Identity.Web token acquisition.
            </summary>
        </member>
        <member name="M:Microsoft.Identity.ServiceEssentials.MiseAuthenticationBuilderWithConfigurationIdWebExtensions.EnableTokenAcquisitionToCallDownstreamApiAndDataProviderAuthentication(Microsoft.Identity.ServiceEssentials.MiseAuthenticationBuilderWithConfiguration,System.String,System.Action{Microsoft.Identity.Client.ConfidentialClientApplicationOptions})">
            <summary>
            Enables token acquisition from Microsoft.Identity.Web with the addition that this enables data provider to authenticate
            with Microsoft.Identity.Web.
            </summary>
            <param name="builder">MISE builder.</param>
            <param name="configureConfidentialClientApplicationOptions">MSAL confidential client application
            options.</param>
            <param name="authenticationScheme">ASP.NET Core Authentication scheme.</param>
            <returns>A <see cref="T:Microsoft.Identity.Web.MicrosoftIdentityAppCallsWebApiAuthenticationBuilder"/> to chain
            with token caches.</returns>
        </member>
        <member name="M:Microsoft.Identity.ServiceEssentials.MiseAuthenticationBuilderWithConfigurationIdWebExtensions.InternalEnableTokenAcquisitionToCallDownstreamApi(Microsoft.Identity.ServiceEssentials.MiseAuthenticationBuilderWithConfiguration,System.Action{Microsoft.Identity.Client.ConfidentialClientApplicationOptions},System.String)">
            <summary>
            Add token acquisition with MISE.
            This method expects the configuration file will have a section, named <see cref="F:Microsoft.Identity.ServiceEssentials.MiseDefaults.AuthenticationConfigurationSectionName"/> as default,
            with the necessary settings to initialize authentication options.
            </summary>
            <param name="builder">MISE authentication builder.</param>
            <param name="configureConfidentialClientApplicationOptions">MSAL confidential client application
            options.</param>
            <param name="authenticationScheme">ASP.NET Core Authentication scheme.</param>
            <returns>A <see cref="T:Microsoft.Identity.Web.MicrosoftIdentityAppCallsWebApiAuthenticationBuilder"/> to chain
            with AddMicrosoftGraph, AddDownstreamWebApi and token caches.</returns>
        </member>
        <member name="M:Microsoft.Identity.ServiceEssentials.MiseAuthenticationBuilderWithConfigurationIdWebExtensions.InternalEnableTokenAcquisitionToCallDownstreamApi(Microsoft.Identity.ServiceEssentials.MiseAuthenticationBuilderWithConfiguration,System.String)">
            <summary>
            Compatibility with Microsoft.Identity.Web token acquisition. This method enables the token acquisition
            from a <see cref="T:Microsoft.Identity.ServiceEssentials.MiseAuthenticationBuilderWithConfiguration"/>
            </summary>
            <param name="builder">MISE builder.</param>
            <param name="authenticationScheme">ASP.NET Core Authentication scheme.</param>
            <returns>A <see cref="T:Microsoft.Identity.Web.MicrosoftIdentityAppCallsWebApiAuthenticationBuilder"/> to chain
            with AddMicrosoftGraph, AddDownstreamWebApi and token caches.</returns>
        </member>
    </members>
</doc>
