<?xml version="1.0"?>
<doc>
    <assembly>
        <name>Microsoft.Identity.ServiceEssentials.Extensions.AspNetCoreMiddleware</name>
    </assembly>
    <members>
        <member name="M:Microsoft.Identity.ServiceEssentials.Extensions.AspNetCoreMiddleware.AspNetCoreResponseAdapter.#ctor(Microsoft.AspNetCore.Http.HttpContext)">
            <summary>
            Creates an instance of a <see cref="T:Microsoft.Identity.ServiceEssentials.Extensions.AspNetCoreMiddleware.AspNetCoreResponseAdapter"/>
            </summary>
            <param name="httpContext">The <see cref="T:Microsoft.AspNetCore.Http.HttpContext"/> to wrap.</param>
        </member>
        <member name="P:Microsoft.Identity.ServiceEssentials.Extensions.AspNetCoreMiddleware.AspNetCoreResponseAdapter.ResponseBody">
            <inheritdoc/>
        </member>
        <member name="P:Microsoft.Identity.ServiceEssentials.Extensions.AspNetCoreMiddleware.AspNetCoreResponseAdapter.ResponseContentType">
            <inheritdoc/>
        </member>
        <member name="P:Microsoft.Identity.ServiceEssentials.Extensions.AspNetCoreMiddleware.AspNetCoreResponseAdapter.ResponseStatusCode">
            <inheritdoc/>
        </member>
        <member name="P:Microsoft.Identity.ServiceEssentials.Extensions.AspNetCoreMiddleware.AspNetCoreResponseAdapter.ResponseHeaders">
            <inheritdoc/>
        </member>
        <member name="P:Microsoft.Identity.ServiceEssentials.Extensions.AspNetCoreMiddleware.AspNetCoreResponseAdapter.AddCookies">
            <inheritdoc/>
        </member>
        <member name="P:Microsoft.Identity.ServiceEssentials.Extensions.AspNetCoreMiddleware.AspNetCoreResponseAdapter.AddResponseHeaders">
            <inheritdoc/>
        </member>
        <member name="T:Microsoft.Identity.ServiceEssentials.Extensions.AspNetCoreMiddleware.AuthorizationPolicyBuilderExtensions">
            <summary>
            Extensions for default authorization policies.
            </summary>
        </member>
        <member name="M:Microsoft.Identity.ServiceEssentials.Extensions.AspNetCoreMiddleware.AuthorizationPolicyBuilderExtensions.AuthorizationPolicyBuilderWithDefaultMisePolicies">
            <summary>
            Adds the default Mise requirements to the <see cref="T:Microsoft.AspNetCore.Authorization.AuthorizationPolicyBuilder"/>.
            </summary>
            <returns>A builder to add requirements to.</returns>
        </member>
        <member name="T:Microsoft.Identity.ServiceEssentials.Extensions.AspNetCoreMiddleware.DefaultClaimsOnlyAuthZHandler">
            <summary>
            Default implementation of <see cref="T:Microsoft.AspNetCore.Authorization.IAuthorizationHandler"/> that authorizes based on mise result.
            </summary>
        </member>
        <member name="M:Microsoft.Identity.ServiceEssentials.Extensions.AspNetCoreMiddleware.DefaultClaimsOnlyAuthZHandler.#ctor(Microsoft.AspNetCore.Http.IHttpContextAccessor,Microsoft.Extensions.Logging.ILogger{Microsoft.Identity.ServiceEssentials.Extensions.AspNetCoreMiddleware.DefaultClaimsOnlyAuthZHandler})">
            <summary>
            Default implementation of <see cref="T:Microsoft.AspNetCore.Authorization.IAuthorizationHandler"/> that authorizes based on mise result.
            </summary>
        </member>
        <member name="M:Microsoft.Identity.ServiceEssentials.Extensions.AspNetCoreMiddleware.DefaultClaimsOnlyAuthZHandler.HandleAsync(Microsoft.AspNetCore.Authorization.AuthorizationHandlerContext)">
            <inheritdoc/>
        </member>
        <member name="T:Microsoft.Identity.ServiceEssentials.Extensions.AspNetCoreMiddleware.Events.BaseEventContext`1">
            <summary>
            A base context used by <see cref="T:Microsoft.Identity.ServiceEssentials.Extensions.AspNetCoreMiddleware.Events.MiseMiddlewareEvents"/>.
            </summary>
        </member>
        <member name="M:Microsoft.Identity.ServiceEssentials.Extensions.AspNetCoreMiddleware.Events.BaseEventContext`1.#ctor(Microsoft.AspNetCore.Http.HttpContext,Microsoft.Identity.ServiceEssentials.MiseHttpContext,`0)">
            <summary>
            Initializes a new instance of <see cref="T:Microsoft.Identity.ServiceEssentials.Extensions.AspNetCoreMiddleware.Events.BaseEventContext`1"/>. 
            </summary>
        </member>
        <member name="P:Microsoft.Identity.ServiceEssentials.Extensions.AspNetCoreMiddleware.Events.BaseEventContext`1.HttpContext">
            <summary>
            Gets the <see cref="P:Microsoft.Identity.ServiceEssentials.Extensions.AspNetCoreMiddleware.Events.BaseEventContext`1.HttpContext"/> object.
            </summary>
        </member>
        <member name="P:Microsoft.Identity.ServiceEssentials.Extensions.AspNetCoreMiddleware.Events.BaseEventContext`1.MiseHttpContext">
            <summary>
            Gets the <see cref="P:Microsoft.Identity.ServiceEssentials.Extensions.AspNetCoreMiddleware.Events.BaseEventContext`1.MiseHttpContext"/> object. 
            </summary>
        </member>
        <member name="P:Microsoft.Identity.ServiceEssentials.Extensions.AspNetCoreMiddleware.Events.BaseEventContext`1.Options">
            <summary>
            Gets the Options object.
            </summary>
        </member>
        <member name="P:Microsoft.Identity.ServiceEssentials.Extensions.AspNetCoreMiddleware.Events.BaseEventContext`1.HandledResponse">
            <summary>
            Gets the flag that indicates whether caller decided to short-circuit the request
            and return response to the client.
            </summary>
        </member>
        <member name="P:Microsoft.Identity.ServiceEssentials.Extensions.AspNetCoreMiddleware.Events.BaseEventContext`1.Skipped">
            <summary>
            Gets the flag that indicates whether caller decided to skip
            <see cref="T:Microsoft.Identity.ServiceEssentials.Extensions.AspNetCoreMiddleware.MiseMiddleware"/> processing and call next middleware in line.
            </summary>
        </member>
        <member name="M:Microsoft.Identity.ServiceEssentials.Extensions.AspNetCoreMiddleware.Events.BaseEventContext`1.ReturnResponse">
            <summary>
             Discontinue all processing for this request and return to the client. The caller
             is responsible for generating the full response.
            </summary>
        </member>
        <member name="M:Microsoft.Identity.ServiceEssentials.Extensions.AspNetCoreMiddleware.Events.BaseEventContext`1.SkipToNextMiddleware">
            <summary>
             Discontinue processing the request in the current middleware and pass control to the next one.
            </summary>
        </member>
        <member name="T:Microsoft.Identity.ServiceEssentials.Extensions.AspNetCoreMiddleware.Events.MiseMiddlewareEvents">
            <summary>
            Specifies events which the <see cref="T:Microsoft.Identity.ServiceEssentials.Extensions.AspNetCoreMiddleware.MiseMiddleware"/> invokes to enable developer control the middleware.
            </summary>
        </member>
        <member name="P:Microsoft.Identity.ServiceEssentials.Extensions.AspNetCoreMiddleware.Events.MiseMiddlewareEvents.OnRequestProcessed">
            <summary>
            Invoked after MISE processes a request.
            Observe <see cref="P:Microsoft.Identity.ServiceEssentials.MiseResult`1.Succeeded"/> for the request status.
            </summary>
        </member>
        <member name="P:Microsoft.Identity.ServiceEssentials.Extensions.AspNetCoreMiddleware.Events.MiseMiddlewareEvents.OnRequestReceived">
            <summary>
            Invoked after MISE receives a requests and creates <see cref="T:Microsoft.Identity.ServiceEssentials.MiseHttpContext"/>.
            </summary>
        </member>
        <member name="M:Microsoft.Identity.ServiceEssentials.Extensions.AspNetCoreMiddleware.Events.MiseMiddlewareEvents.RequestProcessed(Microsoft.Identity.ServiceEssentials.Extensions.AspNetCoreMiddleware.Events.RequestProcessedContext)">
            <summary>
            Invoked after MISE processes a request.
            Observe <see cref="P:Microsoft.Identity.ServiceEssentials.MiseResult`1.Succeeded"/> for the request status. 
            </summary>
        </member>
        <member name="M:Microsoft.Identity.ServiceEssentials.Extensions.AspNetCoreMiddleware.Events.MiseMiddlewareEvents.RequestReceived(Microsoft.Identity.ServiceEssentials.Extensions.AspNetCoreMiddleware.Events.RequestReceivedContext)">
            <summary>
            Invoked after MISE receives a requests and creates <see cref="T:Microsoft.Identity.ServiceEssentials.MiseHttpContext"/>.
            </summary>
        </member>
        <member name="T:Microsoft.Identity.ServiceEssentials.Extensions.AspNetCoreMiddleware.Events.RequestProcessedContext">
            <summary>
            A context for <see cref="P:Microsoft.Identity.ServiceEssentials.Extensions.AspNetCoreMiddleware.Events.MiseMiddlewareEvents.OnRequestReceived"/>.
            </summary>
        </member>
        <member name="M:Microsoft.Identity.ServiceEssentials.Extensions.AspNetCoreMiddleware.Events.RequestProcessedContext.#ctor(Microsoft.AspNetCore.Http.HttpContext,Microsoft.Identity.ServiceEssentials.MiseHttpContext,Microsoft.Identity.ServiceEssentials.Extensions.AspNetCoreMiddleware.MiseMiddlewareOptions,Microsoft.Identity.ServiceEssentials.MiseResult{Microsoft.Identity.ServiceEssentials.MiseHttpContext})">
            <summary>
            Initializes a new instance of <see cref="T:Microsoft.Identity.ServiceEssentials.Extensions.AspNetCoreMiddleware.Events.RequestProcessedContext"/>.
            </summary>
        </member>
        <member name="P:Microsoft.Identity.ServiceEssentials.Extensions.AspNetCoreMiddleware.Events.RequestProcessedContext.MiseResult">
            <summary>
            Gets or sets an instance of <see cref="T:Microsoft.Identity.ServiceEssentials.MiseResult`1"/> object.
            </summary>
        </member>
        <member name="T:Microsoft.Identity.ServiceEssentials.Extensions.AspNetCoreMiddleware.Events.RequestReceivedContext">
            <summary>
            A context for <see cref="P:Microsoft.Identity.ServiceEssentials.Extensions.AspNetCoreMiddleware.Events.MiseMiddlewareEvents.OnRequestReceived"/>.
            </summary>
        </member>
        <member name="M:Microsoft.Identity.ServiceEssentials.Extensions.AspNetCoreMiddleware.Events.RequestReceivedContext.#ctor(Microsoft.AspNetCore.Http.HttpContext,Microsoft.Identity.ServiceEssentials.MiseHttpContext,Microsoft.Identity.ServiceEssentials.Extensions.AspNetCoreMiddleware.MiseMiddlewareOptions)">
            <summary>
            Initializes a new instance of <see cref="T:Microsoft.Identity.ServiceEssentials.Extensions.AspNetCoreMiddleware.Events.RequestReceivedContext"/>.
            </summary>
        </member>
        <member name="T:Microsoft.Identity.ServiceEssentials.Extensions.AspNetCoreMiddleware.HttpContextAuthenticationTicketProvider">
            <summary>
            <see cref="T:Microsoft.Identity.ServiceEssentials.IAuthenticationTicketProvider`1"/> that extracts the user from the HttpContext
            </summary>
        </member>
        <member name="P:Microsoft.Identity.ServiceEssentials.Extensions.AspNetCoreMiddleware.HttpContextAuthenticationTicketProvider.Name">
            <inheritdoc/>
        </member>
        <member name="M:Microsoft.Identity.ServiceEssentials.Extensions.AspNetCoreMiddleware.HttpContextAuthenticationTicketProvider.AuthenticateAsync(Microsoft.Identity.ServiceEssentials.MiseHttpContext,System.Threading.CancellationToken)">
            <inheritdoc/>
        </member>
        <member name="M:Microsoft.Identity.ServiceEssentials.Extensions.AspNetCoreMiddleware.HttpContextAuthenticationTicketProvider.GetAuthenticationScheme(Microsoft.AspNetCore.Http.HttpContext)">
            <summary>
            Maps value of Authorization Header in HTTP Request to an Authentication Scheme
            </summary>
            <param name="httpContext">HttpContext contains information about current request</param>
            <returns><see cref="T:Microsoft.Identity.ServiceEssentials.AuthenticationScheme"/>. Returns <see cref="F:Microsoft.Identity.ServiceEssentials.AuthenticationScheme.Unknown" /> if a valid mapping isn't found</returns>
        </member>
        <member name="T:Microsoft.Identity.ServiceEssentials.Extensions.AspNetCoreMiddleware.HttpContextClientApplicationCertificatesProvider">
            <inheritdoc/>
        </member>
        <member name="M:Microsoft.Identity.ServiceEssentials.Extensions.AspNetCoreMiddleware.HttpContextClientApplicationCertificatesProvider.GetClientApplicationCertificates(Microsoft.AspNetCore.Http.HttpContext)">
            <inheritdoc/>
        </member>
        <member name="T:Microsoft.Identity.ServiceEssentials.Extensions.AspNetCoreMiddleware.HttpContextCorrelationIdProvider">
            <summary>
            Represents an object that can provide a correlation Id for a <see cref="T:Microsoft.AspNetCore.Http.HttpContext"/>
            </summary>
        </member>
        <member name="M:Microsoft.Identity.ServiceEssentials.Extensions.AspNetCoreMiddleware.HttpContextCorrelationIdProvider.GetCorrelationId(Microsoft.AspNetCore.Http.HttpContext)">
            <inheritdoc/>
        </member>
        <member name="T:Microsoft.Identity.ServiceEssentials.Extensions.AspNetCoreMiddleware.HttpContextExtensions">
            <summary>
            Extension methods for AspNetCoreMiddleware on <see cref="T:Microsoft.AspNetCore.Http.HttpContext"/>
            </summary>
        </member>
        <member name="M:Microsoft.Identity.ServiceEssentials.Extensions.AspNetCoreMiddleware.HttpContextExtensions.ContainsS2SAuthenticationTicket(Microsoft.AspNetCore.Http.HttpContext)">
            <summary>
            Check if "S2SAuthenticationTicket" is stored in <see cref="P:Microsoft.AspNetCore.Http.HttpContext.Items"/>.
            </summary>
            <param name="httpContext">The HTTP context</param>
            <returns><c>true</c> if "S2SAuthenticationTicket" is stored in <see cref="P:Microsoft.AspNetCore.Http.HttpContext.Items"/>, <c>false</c> otherwise.</returns>
            <remarks>
            Presence of "S2SAuthenticationTicket" in <see cref="P:Microsoft.AspNetCore.Http.HttpContext.Items"/> indicates that S2S (SAL) library was used to validate the incoming request.
            </remarks>
        </member>
        <member name="M:Microsoft.Identity.ServiceEssentials.Extensions.AspNetCoreMiddleware.HttpContextExtensions.ContainsS2SAuthenticationResult(Microsoft.AspNetCore.Http.HttpContext)">
            <summary>
            Check if "S2SAuthenticationResult" is stored in <see cref="P:Microsoft.AspNetCore.Http.HttpContext.Items"/>.
            </summary>
            <param name="httpContext">The HTTP context</param>
            <returns><c>true</c> if "S2SAuthenticationResult" is stored in <see cref="P:Microsoft.AspNetCore.Http.HttpContext.Items"/>, <c>false</c> otherwise.</returns>
            <remarks>
            Presence of "S2SAuthenticationResult" in <see cref="P:Microsoft.AspNetCore.Http.HttpContext.Items"/> indicates that S2S (SAL) library was used to validate the incoming request.
            </remarks>
        </member>
        <member name="M:Microsoft.Identity.ServiceEssentials.Extensions.AspNetCoreMiddleware.HttpContextExtensions.IsAuthenticated(Microsoft.AspNetCore.Http.HttpContext)">
            <summary>
            Checks whether the current request is authenticated.
            </summary>
            <param name="context"><see cref="T:Microsoft.AspNetCore.Http.HttpContext"/> that represents the current request./</param>
            <returns><c>true</c> if context.User.Identity.IsAuthenticated is <c>true</c>, otherwise <c>false</c>.</returns>
        </member>
        <member name="M:Microsoft.Identity.ServiceEssentials.Extensions.AspNetCoreMiddleware.HttpContextExtensions.GetMiseResult(Microsoft.AspNetCore.Http.HttpContext)">
            <summary>
            Gets the <see cref="T:Microsoft.Identity.ServiceEssentials.MiseResult`1"/> stored on the <paramref name="httpContext"/>
            </summary>
            <param name="httpContext">The <see cref="T:Microsoft.AspNetCore.Http.HttpContext"/> instance this method extends.</param>
            <returns>
            The <see cref="T:Microsoft.Identity.ServiceEssentials.MiseResult`1"/> stored on the <paramref name="httpContext"/>.
            <c>null</c> if result was not present on the <paramref name="httpContext"/>.
            </returns>
        </member>
        <member name="M:Microsoft.Identity.ServiceEssentials.Extensions.AspNetCoreMiddleware.HttpContextExtensions.SetMiseResult(Microsoft.AspNetCore.Http.HttpContext,Microsoft.Identity.ServiceEssentials.MiseResult{Microsoft.Identity.ServiceEssentials.MiseHttpContext})">
            <summary>
            Sets the given <paramref name="miseResult"/> on the <paramref name="httpContext"/>
            </summary>
            <param name="httpContext">The <see cref="T:Microsoft.AspNetCore.Http.HttpContext"/> instance this method extends.</param>
            <param name="miseResult">The <see cref="T:Microsoft.Identity.ServiceEssentials.MiseResult`1"/> to set on the <paramref name="httpContext"/></param>
        </member>
        <member name="T:Microsoft.Identity.ServiceEssentials.Extensions.AspNetCoreMiddleware.HttpContextIpAddressProvider">
            <summary>
            Represents an object that is able to provide the IP Address from an <see cref="T:Microsoft.AspNetCore.Http.HttpContext"/>
            </summary>
        </member>
        <member name="M:Microsoft.Identity.ServiceEssentials.Extensions.AspNetCoreMiddleware.HttpContextIpAddressProvider.GetIpAddress(Microsoft.AspNetCore.Http.HttpContext)">
            <inheritdoc/>
        </member>
        <member name="T:Microsoft.Identity.ServiceEssentials.Extensions.AspNetCoreMiddleware.IMiseService">
            <summary>
            Represents an object that can handle Mise requests.
            </summary>
        </member>
        <member name="M:Microsoft.Identity.ServiceEssentials.Extensions.AspNetCoreMiddleware.IMiseService.ExecuteMise(Microsoft.Identity.ServiceEssentials.MiseHttpContext,Microsoft.Identity.ServiceEssentials.MiseHostOptions{Microsoft.Identity.ServiceEssentials.MiseHttpContext},System.Threading.CancellationToken)">
            <summary>
            Executes Mise over the given <paramref name="context"/>.
            </summary>
            <param name="context">The context of the request.</param>
            <param name="miseHostOptions">The options that the mise host can accept.</param>
            <param name="cancellationToken" > The <see cref="T:System.Threading.CancellationToken"/> used to propagate notifications that the operation should be canceled</param>
            <returns>The <see cref="T:Microsoft.Identity.ServiceEssentials.MiseResult`1"/></returns>
        </member>
        <member name="T:Microsoft.Identity.ServiceEssentials.Extensions.AspNetCoreMiddleware.IModuleContainerProvider`1">
            <summary>
            Represents an object that can provide a configured <see cref="T:Microsoft.Identity.ServiceEssentials.IModuleContainer`1"/>
            </summary>
        </member>
        <member name="P:Microsoft.Identity.ServiceEssentials.Extensions.AspNetCoreMiddleware.IModuleContainerProvider`1.ModuleContainer">
            <summary>
            Gets the configured module container.
            </summary>
            <returns>The configured <see cref="T:Microsoft.Identity.ServiceEssentials.IModuleContainer`1"/></returns>
        </member>
        <member name="T:Microsoft.Identity.ServiceEssentials.Extensions.AspNetCoreMiddleware.ISkipMiseModules">
            <summary>
            Marker interface to allow skipping mise modules.
            </summary>
        </member>
        <member name="T:Microsoft.Identity.ServiceEssentials.Extensions.AspNetCoreMiddleware.LogMessages">
            <summary>
            Log messages and codes
            </summary>
        </member>
        <member name="T:Microsoft.Identity.ServiceEssentials.Extensions.AspNetCoreMiddleware.MiseAuthorizationHandlers">
            <summary>
            Extension methods for registering Mise authorization handlers.
            </summary>
        </member>
        <member name="M:Microsoft.Identity.ServiceEssentials.Extensions.AspNetCoreMiddleware.MiseAuthorizationHandlers.RegisterDefaultAuthorizationHandlers(Microsoft.Extensions.DependencyInjection.IServiceCollection)">
            <summary>
            Registers the default Mise authorization handlers.
            </summary>
            <param name="services">The service collection to register into.</param>
        </member>
        <member name="T:Microsoft.Identity.ServiceEssentials.Extensions.AspNetCoreMiddleware.MiseContextExtensions">
            <summary>
            Extension methods for AspNetCoreMiddleware on <see cref="T:Microsoft.Identity.ServiceEssentials.MiseHttpContext"/>
            </summary>
        </member>
        <member name="M:Microsoft.Identity.ServiceEssentials.Extensions.AspNetCoreMiddleware.MiseContextExtensions.GetHttpContext(Microsoft.Identity.ServiceEssentials.MiseHttpContext)">
            <summary>
            Gets the <see cref="T:Microsoft.AspNetCore.Http.HttpContext"/> stored on the <paramref name="miseContext"/>
            </summary>
            <param name="miseContext">The Mise context</param>
            <returns>The <see cref="T:Microsoft.AspNetCore.Http.HttpContext"/> stored on the <paramref name="miseContext"/></returns>
        </member>
        <member name="M:Microsoft.Identity.ServiceEssentials.Extensions.AspNetCoreMiddleware.MiseContextExtensions.SetHttpContext(Microsoft.Identity.ServiceEssentials.MiseHttpContext,Microsoft.AspNetCore.Http.HttpContext)">
            <summary>
            Sets the given <paramref name="httpContext"/> on the <paramref name="miseContext"/>
            </summary>
            <param name="miseContext">The Mise context</param>
            <param name="httpContext">The HttpContext to set on the <paramref name="httpContext"/></param>
        </member>
        <member name="T:Microsoft.Identity.ServiceEssentials.Extensions.AspNetCoreMiddleware.MiseMiddleware">
            <summary>
            Middleware to use Mise. Is responsible for the HTTP request and responses with Mise.
            </summary>
        </member>
        <member name="P:Microsoft.Identity.ServiceEssentials.Extensions.AspNetCoreMiddleware.MiseMiddleware.Name">
            <inheritdoc/>
        </member>
        <member name="M:Microsoft.Identity.ServiceEssentials.Extensions.AspNetCoreMiddleware.MiseMiddleware.#ctor(Microsoft.AspNetCore.Http.RequestDelegate,Microsoft.Extensions.Options.IOptions{Microsoft.Identity.ServiceEssentials.Extensions.AspNetCoreMiddleware.MiseMiddlewareOptions},Microsoft.Identity.ServiceEssentials.Extensions.AspNetCoreMiddleware.IMiseService,Microsoft.Extensions.Logging.ILoggerFactory)">
            <summary>
            Initializes a new instance of the <see cref="T:Microsoft.Identity.ServiceEssentials.Extensions.AspNetCoreMiddleware.MiseMiddleware"/> class.
            </summary>
            <param name="next">The next delegate to run.</param>
            <param name="options">The options for the middleware</param>
            <param name="miseService">The <see cref="T:Microsoft.Identity.ServiceEssentials.Extensions.AspNetCoreMiddleware.IMiseService"/> representing the operations Mise can perform given a request.</param>
            <param name="loggerFactory">The <see cref="T:Microsoft.Extensions.Logging.ILoggerFactory"/> used to create the middleware logger.</param>
        </member>
        <member name="M:Microsoft.Identity.ServiceEssentials.Extensions.AspNetCoreMiddleware.MiseMiddleware.Invoke(Microsoft.AspNetCore.Http.HttpContext)">
            <summary>
            Entry point for Middleware to run.
            </summary>
            <param name="context">The current context</param>
        </member>
        <member name="M:Microsoft.Identity.ServiceEssentials.Extensions.AspNetCoreMiddleware.MiseMiddleware.CreateRequestMessage(Microsoft.AspNetCore.Http.HttpContext)">
            <summary>
            Creates an HttpRequestData object from an <see cref="T:Microsoft.AspNetCore.Http.HttpContext"/>
            </summary>
            <remarks>
            Based on the WebApiCompatShim
            https://github.com/dotnet/aspnetcore/blob/b18526cdc8d8c868e8d7f9c6c8484064215e1002/src/Microsoft.AspNetCore.Mvc.WebApiCompatShim/HttpRequestMessage/HttpRequestMessageFeature.cs#L45
            </remarks>
        </member>
        <member name="T:Microsoft.Identity.ServiceEssentials.Extensions.AspNetCoreMiddleware.MiseMiddlewareExtensions">
            <summary>
            Extension methods for Mise Middleware.
            </summary>
        </member>
        <member name="M:Microsoft.Identity.ServiceEssentials.Extensions.AspNetCoreMiddleware.MiseMiddlewareExtensions.UseMise(Microsoft.AspNetCore.Builder.IApplicationBuilder)">
            <summary>
            Adds Mise Middleware.
            </summary>
            <remarks>
            Must come after AuthN and before AuthZ middleware.
            </remarks>
            <param name="builder">The <see cref="T:Microsoft.AspNetCore.Builder.IApplicationBuilder"/> instance this method extends.</param>
            <returns>The original <see cref="T:Microsoft.AspNetCore.Builder.IApplicationBuilder"/>.</returns>
        </member>
        <member name="M:Microsoft.Identity.ServiceEssentials.Extensions.AspNetCoreMiddleware.MiseMiddlewareExtensions.UseMise(Microsoft.AspNetCore.Builder.IApplicationBuilder,Microsoft.Identity.ServiceEssentials.Extensions.AspNetCoreMiddleware.MiseMiddlewareOptions)">
            <summary>
            Adds Mise Middleware.
            </summary>
            <remarks>
            Must come after AuthN and AuthZ middleware.
            </remarks>
            <param name="builder">The <see cref="T:Microsoft.AspNetCore.Builder.IApplicationBuilder"/> instance this method extends.</param>
            <param name="options">The options to configure a <see cref="T:Microsoft.Identity.ServiceEssentials.Extensions.AspNetCoreMiddleware.MiseMiddlewareOptions"/>.</param>
            <returns>The original <see cref="T:Microsoft.AspNetCore.Builder.IApplicationBuilder"/>.</returns>
        </member>
        <member name="M:Microsoft.Identity.ServiceEssentials.Extensions.AspNetCoreMiddleware.MiseMiddlewareExtensions.AddMise(Microsoft.AspNetCore.Authentication.AuthenticationBuilder,Microsoft.Extensions.Configuration.IConfiguration,System.String)">
            <summary>
            Registers services for Mise Middleware.
            Mise Requires other authentication middleware to be registered, as it operates
            on an already authenticated context.
            </summary>
            <remarks>
            See https://aka.ms/mise/setup for how to setup mise.
            </remarks>
            <param name="builder">The <see cref="T:Microsoft.AspNetCore.Authentication.AuthenticationBuilder"/> to chain this call from.</param>
            <param name="configuration">
            Configuration object that contains Mise and authentication options. Default configuration section for Mise is <see cref="F:Microsoft.Identity.ServiceEssentials.MiseDefaults.MiseConfigurationSectionName"/>.
            Default configuration section for authentication options is <see cref="F:Microsoft.Identity.ServiceEssentials.MiseDefaults.AuthenticationConfigurationSectionName"/>.
            Use <see cref="M:Microsoft.Extensions.DependencyInjection.MiseExtensions.AddMise(Microsoft.AspNetCore.Authentication.AuthenticationBuilder,Microsoft.Extensions.Configuration.IConfiguration,System.String,System.String,System.String)"/> to set customized configuration sections.
            If a configuration section doesn't exist, then an empty configuration object will be used.
            For details see https://aka.ms/mise/configuration
            </param>
            <param name="clientId"> Client ID (also known as App ID) of the application as registered in the application registration portal.</param>
            <returns>
            A <see cref="T:Microsoft.Identity.ServiceEssentials.MiseAuthenticationBuilderWithConfiguration"/> that has extension methods defined to add additional components.
            </returns>
        </member>
        <member name="M:Microsoft.Identity.ServiceEssentials.Extensions.AspNetCoreMiddleware.MiseMiddlewareExtensions.AddMise(Microsoft.Extensions.DependencyInjection.IServiceCollection,Microsoft.Extensions.Configuration.IConfiguration,System.String)">
            <summary>
            Registers services for Mise Middleware.
            Mise Requires other authentication middleware to be registered, as it operates
            on an already authenticated context.
            </summary>
            <remarks>
            See https://aka.ms/mise/setup for how to setup mise.
            </remarks>
            <param name="services">The <see cref="T:Microsoft.Extensions.DependencyInjection.IServiceCollection"/> to chain this call from.</param>
            <param name="configuration">
            Configuration object that contains Mise and authentication options. Default configuration section for Mise is <see cref="F:Microsoft.Identity.ServiceEssentials.MiseDefaults.MiseConfigurationSectionName"/>.
            Default configuration section for authentication options is <see cref="F:Microsoft.Identity.ServiceEssentials.MiseDefaults.AuthenticationConfigurationSectionName"/>.
            Use <see cref="M:Microsoft.Extensions.DependencyInjection.MiseExtensions.AddMise(Microsoft.Extensions.DependencyInjection.IServiceCollection,Microsoft.Extensions.Configuration.IConfiguration,System.String,System.String,System.String)"/> to set customized configuration sections.
            If a configuration section doesn't exist, then an empty configuration object will be used.
            For details see https://aka.ms/mise/configuration
            </param>
            <param name="clientId"> Client ID (also known as App ID) of the application as registered in the application registration portal.</param>
            <returns>
            A <see cref="T:Microsoft.Identity.ServiceEssentials.MiseAuthenticationBuilderWithConfiguration"/> that has extension methods defined to add additional components.
            </returns>
        </member>
        <member name="M:Microsoft.Identity.ServiceEssentials.Extensions.AspNetCoreMiddleware.MiseMiddlewareExtensions.AddMise(Microsoft.AspNetCore.Authentication.AuthenticationBuilder,Microsoft.Extensions.Configuration.IConfiguration,Microsoft.Identity.ServiceEssentials.IModuleContainer{Microsoft.Identity.ServiceEssentials.MiseHttpContext},System.String)">
            Configuration object that contains Mise options. A configuration section for mise is optional (<see cref="F:Microsoft.Identity.ServiceEssentials.MiseDefaults.MiseConfigurationSectionName"/> by default).
            <summary>
            Registers services for Mise Middleware.
            Mise Requires other authentication middleware to be registered, as it operates
            on an already authenticated context.
            </summary>
            <remarks>
            See https://aka.ms/mise/setup for how to setup mise.
            </remarks>
            <param name="builder">The <see cref="T:Microsoft.AspNetCore.Authentication.AuthenticationBuilder"/> to chain this call from.</param>
            <param name="configuration">
            Configuration object that contains Mise and authentication options. Default configuration section for Mise is <see cref="F:Microsoft.Identity.ServiceEssentials.MiseDefaults.MiseConfigurationSectionName"/>.
            Default configuration section for authentication options is <see cref="F:Microsoft.Identity.ServiceEssentials.MiseDefaults.AuthenticationConfigurationSectionName"/>.
            Use <see cref="M:Microsoft.Extensions.DependencyInjection.MiseExtensions.AddMise(Microsoft.AspNetCore.Authentication.AuthenticationBuilder,Microsoft.Extensions.Configuration.IConfiguration,Microsoft.Identity.ServiceEssentials.IModuleContainer{Microsoft.Identity.ServiceEssentials.MiseHttpContext},System.String,System.String,System.String)"/> to set customized configuration sections.
            If a configuration section doesn't exist, then an empty configuration object will be used.
            For details see https://aka.ms/mise/configuration
            </param>
            <param name="moduleContainer">Implementation of <see cref="T:Microsoft.Identity.ServiceEssentials.IModuleContainer`1"/></param>
            <param name="clientId"> Client ID (also known as App ID) of the application as registered in the application registration portal.</param>
            <returns>
            A <see cref="T:Microsoft.Identity.ServiceEssentials.MiseAuthenticationBuilderWithConfiguration"/> that has extension methods defined to add additional components.
            </returns>
        </member>
        <member name="M:Microsoft.Identity.ServiceEssentials.Extensions.AspNetCoreMiddleware.MiseMiddlewareExtensions.AddMise(Microsoft.Extensions.DependencyInjection.IServiceCollection,Microsoft.Extensions.Configuration.IConfiguration,Microsoft.Identity.ServiceEssentials.IModuleContainer{Microsoft.Identity.ServiceEssentials.MiseHttpContext},System.String)">
            <summary>
            Registers services for Mise Middleware.
            Mise Requires other authentication middleware to be registered, as it operates
            on an already authenticated context.
            </summary>
            <remarks>
            See https://aka.ms/mise/setup for how to setup mise.
            </remarks>
            <param name="services">The <see cref="T:Microsoft.Extensions.DependencyInjection.IServiceCollection"/> to chain this call from.</param>
            <param name="configuration">
            Configuration object that contains Mise and authentication options. Default configuration section for Mise is <see cref="F:Microsoft.Identity.ServiceEssentials.MiseDefaults.MiseConfigurationSectionName"/>.
            Default configuration section for authentication options is <see cref="F:Microsoft.Identity.ServiceEssentials.MiseDefaults.AuthenticationConfigurationSectionName"/>.
            Use <see cref="M:Microsoft.Extensions.DependencyInjection.MiseExtensions.AddMise(Microsoft.Extensions.DependencyInjection.IServiceCollection,Microsoft.Extensions.Configuration.IConfiguration,Microsoft.Identity.ServiceEssentials.IModuleContainer{Microsoft.Identity.ServiceEssentials.MiseHttpContext},System.String,System.String,System.String)"/> to set customized configuration sections.
            If a configuration section doesn't exist, then an empty configuration object will be used.
            For details see https://aka.ms/mise/configuration
            </param>
            <param name="moduleContainer">Implementation of <see cref="T:Microsoft.Identity.ServiceEssentials.IModuleContainer`1"/></param>
            <param name="clientId"> Client ID (also known as App ID) of the application as registered in the application registration portal.</param>
            <returns>
            A <see cref="T:Microsoft.Identity.ServiceEssentials.MiseAuthenticationBuilderWithConfiguration"/> that has extension methods defined to add additional components.
            </returns>
        </member>
        <member name="M:Microsoft.Identity.ServiceEssentials.Extensions.AspNetCoreMiddleware.MiseMiddlewareExtensions.AddMise(Microsoft.AspNetCore.Authentication.AuthenticationBuilder,Microsoft.Extensions.Configuration.IConfiguration,Microsoft.Identity.ServiceEssentials.IModuleContainer{Microsoft.Identity.ServiceEssentials.MiseHttpContext},Microsoft.Identity.ServiceEssentials.ILogScrubber,Microsoft.Identity.ServiceEssentials.ITelemetryClient,Microsoft.Identity.ServiceEssentials.IModuleFilter{Microsoft.Identity.ServiceEssentials.MiseHttpContext},System.String)">
            <summary>
            Registers services for Mise Middleware.
            Mise Requires other authentication middleware to be registered, as it operates
            on an already authenticated context.
            </summary>
            <remarks>
            See https://aka.ms/mise/setup for how to setup mise.
            </remarks>
            <param name="builder">The <see cref="T:Microsoft.AspNetCore.Authentication.AuthenticationBuilder"/> to chain this call from.</param>
            <param name="configuration">
            Configuration object that contains Mise and authentication options. Default configuration section for Mise is <see cref="F:Microsoft.Identity.ServiceEssentials.MiseDefaults.MiseConfigurationSectionName"/>.
            Default configuration section for authentication options is <see cref="F:Microsoft.Identity.ServiceEssentials.MiseDefaults.AuthenticationConfigurationSectionName"/>.
            Use <see cref="M:Microsoft.Extensions.DependencyInjection.MiseExtensions.AddMise(Microsoft.AspNetCore.Authentication.AuthenticationBuilder,Microsoft.Extensions.Configuration.IConfiguration,Microsoft.Identity.ServiceEssentials.IModuleContainer{Microsoft.Identity.ServiceEssentials.MiseHttpContext},Microsoft.Identity.ServiceEssentials.ILogScrubber,Microsoft.Identity.ServiceEssentials.ITelemetryClient,Microsoft.Identity.ServiceEssentials.IModuleFilter{Microsoft.Identity.ServiceEssentials.MiseHttpContext},System.String,System.String,System.String)"/> to set customized configuration sections.
            If a configuration section doesn't exist, then an empty configuration object will be used.
            For details see https://aka.ms/mise/configuration
            </param>
            <param name="moduleContainer">Implementation of the <see cref="T:Microsoft.Identity.ServiceEssentials.IModuleContainer`1"/></param>
            <param name="logScrubber">Implementation of the <see cref="T:Microsoft.Identity.ServiceEssentials.ILogScrubber"/></param>
            <param name="telemetryClient">Implementation of the <see cref="T:Microsoft.Identity.ServiceEssentials.ITelemetryClient"/></param>
            <param name="moduleFilter">
            Implementation of an <see cref="T:Microsoft.Identity.ServiceEssentials.IModuleFilter`1"/> to use with the <see cref="T:Microsoft.Identity.ServiceEssentials.IMiseHost`1"/>
            </param>
            <param name="clientId"> Client ID (also known as App ID) of the application as registered in the application registration portal.</param>
            <returns>
            A <see cref="T:Microsoft.Identity.ServiceEssentials.MiseAuthenticationBuilderWithConfiguration"/> that has extension methods defined to add additional components.
            </returns>
        </member>
        <member name="M:Microsoft.Identity.ServiceEssentials.Extensions.AspNetCoreMiddleware.MiseMiddlewareExtensions.AddMise(Microsoft.Extensions.DependencyInjection.IServiceCollection,Microsoft.Extensions.Configuration.IConfiguration,Microsoft.Identity.ServiceEssentials.IModuleContainer{Microsoft.Identity.ServiceEssentials.MiseHttpContext},Microsoft.Identity.ServiceEssentials.ILogScrubber,Microsoft.Identity.ServiceEssentials.ITelemetryClient,Microsoft.Identity.ServiceEssentials.IModuleFilter{Microsoft.Identity.ServiceEssentials.MiseHttpContext},System.String)">
            <summary>
            Registers services for Mise Middleware.
            Mise Requires other authentication middleware to be registered, as it operates
            on an already authenticated context.
            </summary>
            <remarks>
            See https://aka.ms/mise/setup for how to setup mise.
            </remarks>
            <param name="services">The <see cref="T:Microsoft.Extensions.DependencyInjection.IServiceCollection"/> to chain this call from.</param>
            <param name="configuration">
            Configuration object that contains Mise and authentication options. Default configuration section for Mise is <see cref="F:Microsoft.Identity.ServiceEssentials.MiseDefaults.MiseConfigurationSectionName"/>.
            Default configuration section for authentication options is <see cref="F:Microsoft.Identity.ServiceEssentials.MiseDefaults.AuthenticationConfigurationSectionName"/>.
            Use <see cref="M:Microsoft.Extensions.DependencyInjection.MiseExtensions.AddMise(Microsoft.Extensions.DependencyInjection.IServiceCollection,Microsoft.Extensions.Configuration.IConfiguration,Microsoft.Identity.ServiceEssentials.IModuleContainer{Microsoft.Identity.ServiceEssentials.MiseHttpContext},Microsoft.Identity.ServiceEssentials.ILogScrubber,Microsoft.Identity.ServiceEssentials.ITelemetryClient,Microsoft.Identity.ServiceEssentials.IModuleFilter{Microsoft.Identity.ServiceEssentials.MiseHttpContext},System.String,System.String,System.String)"/> to set customized configuration sections.
            If a configuration section doesn't exist, then an empty configuration object will be used.
            For details see https://aka.ms/mise/configuration
            </param>
            <param name="moduleContainer">Implementation of the <see cref="T:Microsoft.Identity.ServiceEssentials.IModuleContainer`1"/></param>
            <param name="logScrubber">Implementation of the <see cref="T:Microsoft.Identity.ServiceEssentials.ILogScrubber"/></param>
            <param name="telemetryClient">Implementation of the <see cref="T:Microsoft.Identity.ServiceEssentials.ITelemetryClient"/></param>
            <param name="moduleFilter">
            Implementation of an <see cref="T:Microsoft.Identity.ServiceEssentials.IModuleFilter`1"/> to use with the <see cref="T:Microsoft.Identity.ServiceEssentials.IMiseHost`1"/>
            </param>
            <param name="clientId"> Client ID (also known as App ID) of the application as registered in the application registration portal.</param>
            <returns>
            A <see cref="T:Microsoft.Identity.ServiceEssentials.MiseAuthenticationBuilderWithConfiguration"/> that has extension methods defined to add additional components.
            </returns>
        </member>
        <member name="M:Microsoft.Identity.ServiceEssentials.Extensions.AspNetCoreMiddleware.MiseMiddlewareExtensions.AddMise(Microsoft.AspNetCore.Authentication.AuthenticationBuilder,Microsoft.Identity.ServiceEssentials.IMiseHost{Microsoft.Identity.ServiceEssentials.MiseHttpContext})">
            <summary>
            Registers services for Mise Middleware.
            Mise Requires other authentication middleware to be registered, as it operates
            on an already authenticated context.
            </summary>
            <remarks>
            See https://aka.ms/mise/setup for how to setup mise.
            </remarks>
            <param name="builder">The <see cref="T:Microsoft.AspNetCore.Authentication.AuthenticationBuilder"/> to chain this call from.</param>
            <param name="miseHost">The <see cref="T:Microsoft.Identity.ServiceEssentials.IMiseHost`1"/> that will handle requests from the <see cref="T:Microsoft.Identity.ServiceEssentials.Extensions.AspNetCoreMiddleware.MiseMiddleware"/></param>
            The expectation is that the host is fully configured and ready to be used as is.
            <returns>
            The original <paramref name="builder"/>.
            </returns>
        </member>
        <member name="M:Microsoft.Identity.ServiceEssentials.Extensions.AspNetCoreMiddleware.MiseMiddlewareExtensions.AddMise(Microsoft.Extensions.DependencyInjection.IServiceCollection,Microsoft.Identity.ServiceEssentials.IMiseHost{Microsoft.Identity.ServiceEssentials.MiseHttpContext})">
            <summary>
            Registers services for Mise Middleware.
            Mise Requires other authentication middleware to be registered, as it operates
            on an already authenticated context.
            </summary>
            <remarks>
            See https://aka.ms/mise/setup for how to setup mise.
            </remarks>
            <param name="services">The <see cref="T:Microsoft.AspNetCore.Authentication.AuthenticationBuilder"/> to chain this call from.</param>
            <param name="miseHost">The <see cref="T:Microsoft.Identity.ServiceEssentials.IMiseHost`1"/> that will handle requests from the <see cref="T:Microsoft.Identity.ServiceEssentials.Extensions.AspNetCoreMiddleware.MiseMiddleware"/></param>
            The expectation is that the host is fully configured and ready to be used as is.
            <returns>
            The original <paramref name="services"/>.
            </returns>
        </member>
        <member name="M:Microsoft.Identity.ServiceEssentials.Extensions.AspNetCoreMiddleware.MiseMiddlewareExtensions.AddBrokerVersion(Microsoft.Extensions.DependencyInjection.IServiceCollection)">
            <summary>
            Adds 'x-client-brkrver' header to configure telemetry to signal that SAL is the authentication handler used by MISE.
            </summary>
        </member>
        <member name="M:Microsoft.Identity.ServiceEssentials.Extensions.AspNetCoreMiddleware.MiseMiddlewareExtensions.UseMiseAuditMiddleware(Microsoft.AspNetCore.Builder.IApplicationBuilder)">
            <summary>
            Adds the Mise Audit Middleware to the pipeline.
            Internal until Claims only authz module is released.
            </summary>
            <param name="builder">The <see cref="T:Microsoft.AspNetCore.Builder.IApplicationBuilder"/> instance this method extends.</param>
            <returns>The original <paramref name="builder"/>.</returns>
        </member>
        <member name="T:Microsoft.Identity.ServiceEssentials.Extensions.AspNetCoreMiddleware.MiseMiddlewareOptions">
            <summary>
            Options for setting up a <see cref="T:Microsoft.Identity.ServiceEssentials.Extensions.AspNetCoreMiddleware.MiseMiddleware"/>.
            </summary>
        </member>
        <member name="P:Microsoft.Identity.ServiceEssentials.Extensions.AspNetCoreMiddleware.MiseMiddlewareOptions.CorrelationIdProvider">
            <summary>
            The Correlation Id provider for an <see cref="T:Microsoft.AspNetCore.Http.HttpContext"/> to be used by the middleware.
            </summary>
        </member>
        <member name="P:Microsoft.Identity.ServiceEssentials.Extensions.AspNetCoreMiddleware.MiseMiddlewareOptions.IpAddressProvider">
            <summary>
            The IP Address provider for an <see cref="T:Microsoft.AspNetCore.Http.HttpContext"/> to be used by the middleware.
            </summary>
        </member>
        <member name="P:Microsoft.Identity.ServiceEssentials.Extensions.AspNetCoreMiddleware.MiseMiddlewareOptions.ClientApplicationCertificatesProvider">
            <summary>
            The client application certificates provider for an <see cref="T:Microsoft.AspNetCore.Http.HttpContext"/> to be used by the middleware.
            </summary>
        </member>
        <member name="P:Microsoft.Identity.ServiceEssentials.Extensions.AspNetCoreMiddleware.MiseMiddlewareOptions.Events">
            <summary>
            The object provided by the application to process events raised by <see cref="T:Microsoft.Identity.ServiceEssentials.Extensions.AspNetCoreMiddleware.MiseMiddleware"/>.
            The application may implement the interface fully, or it may create an instance of <see cref="T:Microsoft.Identity.ServiceEssentials.Extensions.AspNetCoreMiddleware.Events.MiseMiddlewareEvents"/>
            and assign delegates only to the events it wants to process.
            </summary>
        </member>
        <member name="P:Microsoft.Identity.ServiceEssentials.Extensions.AspNetCoreMiddleware.MiseMiddlewareOptions.SkipOnUnauthenticatedRequests">
            <summary>
            Controls whether <see cref="T:Microsoft.Identity.ServiceEssentials.Extensions.AspNetCoreMiddleware.MiseMiddleware"/> will be executed when incoming request is not authenticated.
            A request is authenticated when <see cref="P:Microsoft.AspNetCore.Http.HttpContext.User"/> is set and when <see cref="P:System.Security.Principal.IIdentity.IsAuthenticated"/> property of <see cref="P:Microsoft.AspNetCore.Http.HttpContext.User"/> is set to <c>true</c>.
            </summary>
        </member>
        <member name="P:Microsoft.Identity.ServiceEssentials.Extensions.AspNetCoreMiddleware.MiseMiddlewareOptions.AddMiseCorrelationIdHeader">
            <summary>
            Defines whether the header with mise correlation id should be returned to the caller.
            </summary>
        </member>
        <member name="T:Microsoft.Identity.ServiceEssentials.Extensions.AspNetCoreMiddleware.MiseService">
            <summary>
            Implementation of the <see cref="T:Microsoft.Identity.ServiceEssentials.Extensions.AspNetCoreMiddleware.IMiseService"/>. Responsible for configuring and executing the <see cref="T:Microsoft.Identity.ServiceEssentials.MiseHost`1"/>
            </summary>
        </member>
        <member name="F:Microsoft.Identity.ServiceEssentials.Extensions.AspNetCoreMiddleware.MiseService._host">
            <summary>
            internal for testing only
            </summary>
        </member>
        <member name="M:Microsoft.Identity.ServiceEssentials.Extensions.AspNetCoreMiddleware.MiseService.#ctor(Microsoft.Identity.ServiceEssentials.IMiseHost{Microsoft.Identity.ServiceEssentials.MiseHttpContext})">
            <summary>
            Initializes an instance of the <see cref="T:Microsoft.Identity.ServiceEssentials.Extensions.AspNetCoreMiddleware.MiseService"/>.
            </summary>
            <remarks>
            Used for a preconfigured host.
            </remarks>
        </member>
        <member name="M:Microsoft.Identity.ServiceEssentials.Extensions.AspNetCoreMiddleware.MiseService.#ctor(Microsoft.Identity.ServiceEssentials.IAuthenticationTicketProvider{Microsoft.Identity.ServiceEssentials.MiseHttpContext},Microsoft.Extensions.Logging.ILoggerFactory,Microsoft.Identity.ServiceEssentials.Extensions.AspNetCoreMiddleware.IModuleContainerProvider{Microsoft.Identity.ServiceEssentials.MiseHttpContext},Microsoft.Identity.ServiceEssentials.ITelemetryClient,Microsoft.Identity.ServiceEssentials.ILogScrubber,Microsoft.Identity.ServiceEssentials.IModuleFilter{Microsoft.Identity.ServiceEssentials.MiseHttpContext},Microsoft.Identity.ServiceEssentials.IApplicationInformationContainer)">
            <summary>
            Initializes an instance of the <see cref="T:Microsoft.Identity.ServiceEssentials.Extensions.AspNetCoreMiddleware.MiseService"/>.
            </summary>
            <remarks>
            Creates and configures an <see cref="T:Microsoft.Identity.ServiceEssentials.IMiseHost`1"/> from the parameters.
            </remarks>
        </member>
        <member name="M:Microsoft.Identity.ServiceEssentials.Extensions.AspNetCoreMiddleware.MiseService.ExecuteMise(Microsoft.Identity.ServiceEssentials.MiseHttpContext,Microsoft.Identity.ServiceEssentials.MiseHostOptions{Microsoft.Identity.ServiceEssentials.MiseHttpContext},System.Threading.CancellationToken)">
            <inheritdoc/>
        </member>
        <member name="T:Microsoft.Identity.ServiceEssentials.Extensions.AspNetCoreMiddleware.ModuleContainerProvider`1">
            <summary>
            Default implementation of <see cref="T:Microsoft.Identity.ServiceEssentials.Extensions.AspNetCoreMiddleware.IModuleContainerProvider`1"/>
            </summary>
        </member>
        <member name="M:Microsoft.Identity.ServiceEssentials.Extensions.AspNetCoreMiddleware.ModuleContainerProvider`1.#ctor(Microsoft.Identity.ServiceEssentials.IModuleContainerConfigurationStrategy{`0})">
            <summary>
            Creates an initialized <see cref="T:Microsoft.Identity.ServiceEssentials.Extensions.AspNetCoreMiddleware.ModuleContainerProvider`1"/>
            </summary>
        </member>
        <member name="P:Microsoft.Identity.ServiceEssentials.Extensions.AspNetCoreMiddleware.ModuleContainerProvider`1.ModuleContainer">
            <inheritdoc/>
        </member>
        <member name="T:Microsoft.Identity.ServiceEssentials.Extensions.AspNetCoreMiddleware.ActorRequirement">
            <summary>
            Represents an actor requirement.
            </summary>
        </member>
        <member name="M:Microsoft.Identity.ServiceEssentials.Extensions.AspNetCoreMiddleware.ActorRequirement.#ctor">
            <summary>
            Represents an actor requirement.
            </summary>
        </member>
        <member name="T:Microsoft.Identity.ServiceEssentials.Extensions.AspNetCoreMiddleware.ProtocolRequirement">
            <summary>
            Represents a protocol requirement.
            </summary>
        </member>
        <member name="M:Microsoft.Identity.ServiceEssentials.Extensions.AspNetCoreMiddleware.ProtocolRequirement.#ctor">
            <summary>
            Represents a protocol requirement.
            </summary>
        </member>
        <member name="T:Microsoft.Identity.ServiceEssentials.Extensions.AspNetCoreMiddleware.ResourceTenantRequirement">
            <summary>
            Represents a resource tenant requirement.
            </summary>
        </member>
        <member name="M:Microsoft.Identity.ServiceEssentials.Extensions.AspNetCoreMiddleware.ResourceTenantRequirement.#ctor">
            <summary>
            Represents a resource tenant requirement.
            </summary>
        </member>
        <member name="T:Microsoft.Identity.ServiceEssentials.Extensions.AspNetCoreMiddleware.SubjectRequirement">
            <summary>
            Represents a subject requirement.
            </summary>
        </member>
        <member name="M:Microsoft.Identity.ServiceEssentials.Extensions.AspNetCoreMiddleware.SubjectRequirement.#ctor">
            <summary>
            Represents a subject requirement.
            </summary>
        </member>
        <member name="T:Microsoft.Identity.ServiceEssentials.Extensions.AspNetCoreMiddleware.SkipMiseModulesAttribute">
            <summary>
            Specifies that the class or method that this attribute is applied to skip MISE modules.
            </summary>
        </member>
        <member name="T:Microsoft.Extensions.DependencyInjection.MiseExtensions">
            <summary>
            Extension methods for Mise Middleware.
            </summary>
        </member>
        <member name="M:Microsoft.Extensions.DependencyInjection.MiseExtensions.AddMise(Microsoft.AspNetCore.Authentication.AuthenticationBuilder,Microsoft.Extensions.Configuration.IConfiguration,System.String,System.String,System.String)">
            <summary>
            Registers services for Mise Middleware.
            Mise Requires other authentication middleware to be registered, as it operates
            on an already authenticated context.
            </summary>
            <remarks>
            See https://aka.ms/mise/setup for how to setup mise.
            </remarks>
            <param name="builder">The <see cref="T:Microsoft.AspNetCore.Authentication.AuthenticationBuilder"/> to chain this call from.</param>
            <param name="configuration">
            Configuration object that contains Mise and authentication options. Default configuration section for Mise is <see cref="F:Microsoft.Identity.ServiceEssentials.MiseDefaults.MiseConfigurationSectionName"/>.
            Default configuration section for authentication options is <see cref="F:Microsoft.Identity.ServiceEssentials.MiseDefaults.AuthenticationConfigurationSectionName"/>.
            </param>
            <param name="clientId"> Client ID (also known as App ID) of the application as registered in the application registration portal.</param>
            <param name="authenticationSectionName">Represents the section in configuration file that configures authentication options.</param>
            <param name="miseSectionName">Represents the section in configuration file that configures Mise.</param>
            <returns>
            A <see cref="T:Microsoft.Identity.ServiceEssentials.MiseAuthenticationBuilderWithConfiguration"/> that has extension methods defined to add additional components.
            </returns>
        </member>
        <member name="M:Microsoft.Extensions.DependencyInjection.MiseExtensions.AddMise(Microsoft.Extensions.DependencyInjection.IServiceCollection,Microsoft.Extensions.Configuration.IConfiguration,System.String,System.String,System.String)">
            <summary>
            Registers services for Mise Middleware.
            Mise Requires other authentication middleware to be registered, as it operates
            on an already authenticated context.
            </summary>
            <remarks>
            See https://aka.ms/mise/setup for how to setup mise.
            </remarks>
            <param name="services">The <see cref="T:Microsoft.Extensions.DependencyInjection.IServiceCollection"/> to chain this call from.</param>
            <param name="configuration">
            Configuration object that contains Mise and authentication options. Default configuration section for Mise is <see cref="F:Microsoft.Identity.ServiceEssentials.MiseDefaults.MiseConfigurationSectionName"/>.
            Default configuration section for authentication options is <see cref="F:Microsoft.Identity.ServiceEssentials.MiseDefaults.AuthenticationConfigurationSectionName"/>.
            If a configuration section doesn't exist, then an empty configuration object will be used.
            </param>
            <param name="clientId"> Client ID (also known as App ID) of the application as registered in the application registration portal.</param>
            <param name="authenticationSectionName">Represents the section in configuration file that configures authentication options.</param>
            <param name="miseSectionName">Represents the section in configuration file that configures Mise.</param>
            <returns>
            A <see cref="T:Microsoft.Identity.ServiceEssentials.MiseAuthenticationBuilderWithConfiguration"/> that has extension methods defined to add additional components.
            </returns>
        </member>
        <member name="M:Microsoft.Extensions.DependencyInjection.MiseExtensions.AddMise(Microsoft.AspNetCore.Authentication.AuthenticationBuilder,Microsoft.Extensions.Configuration.IConfiguration,Microsoft.Identity.ServiceEssentials.IModuleContainer{Microsoft.Identity.ServiceEssentials.MiseHttpContext},System.String,System.String,System.String)">
            Configuration object that contains Mise options. A configuration section for mise is optional (<see cref="F:Microsoft.Identity.ServiceEssentials.MiseDefaults.MiseConfigurationSectionName"/> by default).
            <summary>
            Registers services for Mise Middleware.
            Mise Requires other authentication middleware to be registered, as it operates
            on an already authenticated context.
            </summary>
            <remarks>
            See https://aka.ms/mise/setup for how to setup mise.
            </remarks>
            <param name="builder">The <see cref="T:Microsoft.AspNetCore.Authentication.AuthenticationBuilder"/> to chain this call from.</param>
            <param name="configuration">
            Configuration object that contains Mise and authentication options. Default configuration section for Mise is <see cref="F:Microsoft.Identity.ServiceEssentials.MiseDefaults.MiseConfigurationSectionName"/>.
            Default configuration section for authentication options is <see cref="F:Microsoft.Identity.ServiceEssentials.MiseDefaults.AuthenticationConfigurationSectionName"/>.
            If a configuration section doesn't exist, then an empty configuration object will be used.
            </param>
            <param name="moduleContainer">Implementation of <see cref="T:Microsoft.Identity.ServiceEssentials.IModuleContainer`1"/></param>
            <param name="clientId"> Client ID (also known as App ID) of the application as registered in the application registration portal.</param>
            <param name="authenticationSectionName">Represents the section in configuration file that configures authentication options.</param>
            <param name="miseSectionName">Represents the section in configuration file that configures Mise.</param>
            <returns>
            A <see cref="T:Microsoft.Identity.ServiceEssentials.MiseAuthenticationBuilderWithConfiguration"/> that has extension methods defined to add additional components.
            </returns>
        </member>
        <member name="M:Microsoft.Extensions.DependencyInjection.MiseExtensions.AddMise(Microsoft.Extensions.DependencyInjection.IServiceCollection,Microsoft.Extensions.Configuration.IConfiguration,Microsoft.Identity.ServiceEssentials.IModuleContainer{Microsoft.Identity.ServiceEssentials.MiseHttpContext},System.String,System.String,System.String)">
            <summary>
            Registers services for Mise Middleware.
            Mise Requires other authentication middleware to be registered, as it operates
            on an already authenticated context.
            </summary>
            <remarks>
            See https://aka.ms/mise/setup for how to setup mise.
            </remarks>
            <param name="services">The <see cref="T:Microsoft.Extensions.DependencyInjection.IServiceCollection"/> to chain this call from.</param>
            <param name="configuration">
            Configuration object that contains Mise and authentication options. Default configuration section for Mise is <see cref="F:Microsoft.Identity.ServiceEssentials.MiseDefaults.MiseConfigurationSectionName"/>.
            Default configuration section for authentication options is <see cref="F:Microsoft.Identity.ServiceEssentials.MiseDefaults.AuthenticationConfigurationSectionName"/>.
            If a configuration section doesn't exist, then an empty configuration object will be used.
            </param>
            <param name="moduleContainer">Implementation of <see cref="T:Microsoft.Identity.ServiceEssentials.IModuleContainer`1"/></param>
            <param name="clientId"> Client ID (also known as App ID) of the application as registered in the application registration portal.</param>
            <param name="authenticationSectionName">Represents the section in configuration file that configures authentication options.</param>
            <param name="miseSectionName">Represents the section in configuration file that configures Mise.</param>
            <returns>
            A <see cref="T:Microsoft.Identity.ServiceEssentials.MiseAuthenticationBuilderWithConfiguration"/> that has extension methods defined to add additional components.
            </returns>
        </member>
        <member name="M:Microsoft.Extensions.DependencyInjection.MiseExtensions.AddMise(Microsoft.AspNetCore.Authentication.AuthenticationBuilder,Microsoft.Extensions.Configuration.IConfiguration,Microsoft.Identity.ServiceEssentials.IModuleContainer{Microsoft.Identity.ServiceEssentials.MiseHttpContext},Microsoft.Identity.ServiceEssentials.ILogScrubber,Microsoft.Identity.ServiceEssentials.ITelemetryClient,Microsoft.Identity.ServiceEssentials.IModuleFilter{Microsoft.Identity.ServiceEssentials.MiseHttpContext},System.String,System.String,System.String)">
            <summary>
            Registers services for Mise Middleware.
            Mise Requires other authentication middleware to be registered, as it operates
            on an already authenticated context.
            </summary>
            <remarks>
            See https://aka.ms/mise/setup for how to setup mise.
            </remarks>
            <param name="builder">The <see cref="T:Microsoft.AspNetCore.Authentication.AuthenticationBuilder"/> to chain this call from.</param>
            <param name="configuration">
            Configuration object that contains Mise and authentication options. Default configuration section for Mise is <see cref="F:Microsoft.Identity.ServiceEssentials.MiseDefaults.MiseConfigurationSectionName"/>.
            Default configuration section for authentication options is <see cref="F:Microsoft.Identity.ServiceEssentials.MiseDefaults.AuthenticationConfigurationSectionName"/>.
            If a configuration section doesn't exist, then an empty configuration object will be used.
            </param>
            <param name="moduleContainer">Implementation of the <see cref="T:Microsoft.Identity.ServiceEssentials.IModuleContainer`1"/></param>
            <param name="logScrubber">Implementation of the <see cref="T:Microsoft.Identity.ServiceEssentials.ILogScrubber"/></param>
            <param name="telemetryClient">Implementation of the <see cref="T:Microsoft.Identity.ServiceEssentials.ITelemetryClient"/></param>
            <param name="moduleFilter">
            Implementation of an <see cref="T:Microsoft.Identity.ServiceEssentials.IModuleFilter`1"/> to use with the <see cref="T:Microsoft.Identity.ServiceEssentials.IMiseHost`1"/>
            </param>
            <param name="clientId"> Client ID (also known as App ID) of the application as registered in the application registration portal.</param>
            <param name="authenticationSectionName">Represents the section in configuration file that configures authentication options.</param>
            <param name="miseSectionName">Represents the section in configuration file that configures Mise.</param>
            <returns>
            A <see cref="T:Microsoft.Identity.ServiceEssentials.MiseAuthenticationBuilderWithConfiguration"/> that has extension methods defined to add additional components.
            </returns>
        </member>
        <member name="M:Microsoft.Extensions.DependencyInjection.MiseExtensions.AddMise(Microsoft.Extensions.DependencyInjection.IServiceCollection,Microsoft.Extensions.Configuration.IConfiguration,Microsoft.Identity.ServiceEssentials.IModuleContainer{Microsoft.Identity.ServiceEssentials.MiseHttpContext},Microsoft.Identity.ServiceEssentials.ILogScrubber,Microsoft.Identity.ServiceEssentials.ITelemetryClient,Microsoft.Identity.ServiceEssentials.IModuleFilter{Microsoft.Identity.ServiceEssentials.MiseHttpContext},System.String,System.String,System.String)">
            <summary>
            Registers services for Mise Middleware.
            Mise Requires other authentication middleware to be registered, as it operates
            on an already authenticated context.
            </summary>
            <remarks>
            See https://aka.ms/mise/setup for how to setup mise.
            </remarks>
            <param name="services">The <see cref="T:Microsoft.Extensions.DependencyInjection.IServiceCollection"/> to chain this call from.</param>
            <param name="configuration">
            Configuration object that contains Mise and authentication options. Default configuration section for Mise is <see cref="F:Microsoft.Identity.ServiceEssentials.MiseDefaults.MiseConfigurationSectionName"/>.
            Default configuration section for authentication options is <see cref="F:Microsoft.Identity.ServiceEssentials.MiseDefaults.AuthenticationConfigurationSectionName"/>.
            If a configuration section doesn't exist, then an empty configuration object will be used.
            </param>
            <param name="moduleContainer">Implementation of the <see cref="T:Microsoft.Identity.ServiceEssentials.IModuleContainer`1"/></param>
            <param name="logScrubber">Implementation of the <see cref="T:Microsoft.Identity.ServiceEssentials.ILogScrubber"/></param>
            <param name="telemetryClient">Implementation of the <see cref="T:Microsoft.Identity.ServiceEssentials.ITelemetryClient"/></param>
            <param name="moduleFilter">
            Implementation of an <see cref="T:Microsoft.Identity.ServiceEssentials.IModuleFilter`1"/> to use with the <see cref="T:Microsoft.Identity.ServiceEssentials.IMiseHost`1"/>
            </param>
            <param name="clientId"> Client ID (also known as App ID) of the application as registered in the application registration portal.</param>
            <param name="authenticationSectionName">Represents the section in configuration file that configures authentication options.</param>
            <param name="miseSectionName">Represents the section in configuration file that configures Mise.</param>
            <returns>
            A <see cref="T:Microsoft.Identity.ServiceEssentials.MiseAuthenticationBuilderWithConfiguration"/> that has extension methods defined to add additional components.
            </returns>
        </member>
    </members>
</doc>
