<?xml version="1.0"?>
<doc>
    <assembly>
        <name>Microsoft.Identity.ServiceEssentials.Container</name>
    </assembly>
    <members>
        <member name="M:Microsoft.Identity.ServiceEssentials.Container.Controllers.HealthController.Healthz">
            <summary>
            'healthz' is intended to function as a check that the server is able
            to respond to requests.
            200 indicates that the server is healthy, any other status code indicates otherwise.
            </summary>
        </member>
        <member name="M:Microsoft.Identity.ServiceEssentials.Container.Controllers.HealthController.Readyz">
            <summary>
            'readyz' is intended to function as a check that the server is up
            and serving requests.
            200 indicates that the server is ready, any other status code indicates otherwise.
            </summary>
        </member>
        <member name="T:Microsoft.Identity.ServiceEssentials.Container.HeartbeatMessageProcessor">
            <summary>
            Class responsible for emitting a heartbeat message at a given interval based on configuration.
            </summary>
        </member>
        <member name="M:Microsoft.Identity.ServiceEssentials.Container.HeartbeatMessageProcessor.StartHeartbeatMessages(Microsoft.Extensions.Configuration.IConfiguration,Microsoft.Extensions.Logging.ILoggerFactory)">
            <summary>
            Sets up a heartbeat on an interval based on configuration.
            </summary>
            <param name="configuration">The configuration to get 'HeartbeatIntervalMs' from.</param>
            <param name="loggerFactory">The factory to create the logger that will emit the heartbeat message.</param>
        </member>
        <member name="M:Microsoft.Identity.ServiceEssentials.Container.LoggerScopeExtensions.MSCVScope(Microsoft.Extensions.Logging.ILogger,System.String)">
            <summary>
            Creates a scope for the given logger instance.
            </summary>
            <param name="logger">The <see cref="T:Microsoft.Extensions.Logging.ILogger"/> instance.</param>
            <param name="MSCV">The correlation vector to create the scope from.</param>
            <returns>An <see cref="T:System.IDisposable"/> that may be null.</returns>
        </member>
        <member name="F:Microsoft.Identity.ServiceEssentials.Container.LoggerScopes.MSCVScope">
            <summary>
            Defines a scope delegate for MSCVs.
            </summary>
        </member>
        <member name="T:Microsoft.Identity.ServiceEssentials.Container.TokenOutputHandler">
            <summary>
            Handles output tokens.
            </summary>
        </member>
        <member name="M:Microsoft.Identity.ServiceEssentials.Container.TokenOutputHandler.HandleActorTokenHeaders(Microsoft.IdentityModel.S2S.S2SAuthenticationTicket,Microsoft.AspNetCore.Http.IHeaderDictionary,Microsoft.AspNetCore.Http.IHeaderDictionary)">
            <summary>
            Handles outputting the actor token, actor token type, and actor token claims
            as enabled by the input headers.
            </summary>
        </member>
        <member name="M:Microsoft.Identity.ServiceEssentials.Container.TokenOutputHandler.HandleSubjectTokenHeaders(Microsoft.IdentityModel.S2S.S2SAuthenticationTicket,Microsoft.AspNetCore.Http.IHeaderDictionary,Microsoft.AspNetCore.Http.IHeaderDictionary)">
            <summary>
            Handles outputting the subject token, subject token type, and subject token claims
            as enabled by the input headers.
            </summary>
        </member>
        <member name="T:Microsoft.Identity.ServiceEssentials.Container.EnabledState">
            <summary>
            Enabled state for headers.
            </summary>
        </member>
        <member name="F:Microsoft.Identity.ServiceEssentials.Container.EnabledState.Disabled">
            <summary>
            Indicates that the option is disabled.
            </summary>
        </member>
        <member name="F:Microsoft.Identity.ServiceEssentials.Container.EnabledState.Enabled">
            <summary>
            Indiciates that the option is enabled.
            </summary>
        </member>
        <member name="T:Microsoft.Identity.ServiceEssentials.Container.ValidateRequestHeaders">
            <summary>
            Model for the headers that are accepted in <see cref="T:Microsoft.Identity.ServiceEssentials.Container.Controllers.ValidateRequestController"/>
            </summary>
        </member>
        <member name="P:Microsoft.Identity.ServiceEssentials.Container.ValidateRequestHeaders.ReturnAllHeader">
            <summary>
            If <see cref="F:Microsoft.Identity.ServiceEssentials.Container.EnabledState.Enabled"/> return all headers.
            </summary>
        </member>
        <member name="P:Microsoft.Identity.ServiceEssentials.Container.ValidateRequestHeaders.ReturnAuthenticationSchemeHeader">
            <summary>
            If <see cref="F:Microsoft.Identity.ServiceEssentials.Container.EnabledState.Enabled"/> return the authentication scheme.
            </summary>
        </member>
        <member name="P:Microsoft.Identity.ServiceEssentials.Container.ValidateRequestHeaders.ReturnSubjectTokenHeader">
            <summary>
            If <see cref="F:Microsoft.Identity.ServiceEssentials.Container.EnabledState.Enabled"/> return the subject token if validation is successful.
            </summary>
        </member>
        <member name="P:Microsoft.Identity.ServiceEssentials.Container.ValidateRequestHeaders.ReturnSubjectTokenTypeHeader">
            <summary>
            If <see cref="F:Microsoft.Identity.ServiceEssentials.Container.EnabledState.Enabled"/> return the subject token type if validation is successful.
            </summary>
        </member>
        <member name="P:Microsoft.Identity.ServiceEssentials.Container.ValidateRequestHeaders.ReturnActorTokenHeader">
            <summary>
            If <see cref="F:Microsoft.Identity.ServiceEssentials.Container.EnabledState.Enabled"/> return the actor token if validation is successful and an actor token exists.
            </summary>
        </member>
        <member name="P:Microsoft.Identity.ServiceEssentials.Container.ValidateRequestHeaders.ReturnAllSubjectTokenClaimsHeader">
            <summary>
            If <see cref="F:Microsoft.Identity.ServiceEssentials.Container.EnabledState.Enabled"/> return all claims from the subject token if validation is successful.
            </summary>
        </member>
        <member name="P:Microsoft.Identity.ServiceEssentials.Container.ValidateRequestHeaders.ReturnAllActorTokenClaimsHeader">
            <summary>
            If <see cref="F:Microsoft.Identity.ServiceEssentials.Container.EnabledState.Enabled"/> return all claims from the actor token if validation is successful and an actor token exists.
            </summary>
        </member>
        <member name="P:Microsoft.Identity.ServiceEssentials.Container.ValidateRequestHeaders.CorrelationIdHeader">
            <summary>
            If provided, use for the correlation Id in Mise validation.
            </summary>
        </member>
        <member name="P:Microsoft.Identity.ServiceEssentials.Container.ValidateRequestHeaders.MSCV">
            <summary>
            If provided, used to define a logger scope in the request validation controllers
            sourced from a correlation vector header.
            </summary>
        </member>
        <member name="P:Microsoft.Identity.ServiceEssentials.Container.ValidateRequestHeaders.OriginalUriHeader">
            <summary>
            If provided, indicates the original URI that the request is being validated for.
            </summary>
        </member>
        <member name="P:Microsoft.Identity.ServiceEssentials.Container.ValidateRequestHeaders.OriginalMethodHeader">
            <summary>
            If provided, indicates the original method that the request is being validated for.
            </summary>
        </member>
        <member name="P:Microsoft.Identity.ServiceEssentials.Container.ValidateRequestHeaders.OriginalIpAddressHeader">
            <summary>
            If provided, indicates the original Ip Address that the request is being validated for.
            </summary>
        </member>
        <member name="P:Microsoft.Identity.ServiceEssentials.Container.ValidateRequestHeaders.FilterInboundPoliciesHeader">
            <summary>
            If provided, indicates the inbound policies to filter on.
            </summary>
        </member>
        <member name="P:Microsoft.Identity.ServiceEssentials.Container.ValidateRequestHeaders.ContentTypeHeader">
            <summary>
            If provided, indicates the content type.
            </summary>
        </member>
    </members>
</doc>
