<?xml version="1.0"?>
<doc>
    <assembly>
        <name>Microsoft.Identity.TokenRevocationFromSettings</name>
    </assembly>
    <members>
        <member name="T:Microsoft.Identity.TokenRevocationFromSettings.RevocationAction">
            <summary>
            The revocation action to take.
            </summary>
        </member>
        <member name="F:Microsoft.Identity.TokenRevocationFromSettings.RevocationAction.Block">
            <summary>
            Block if matching the policy, regardless of the issuance time.
            </summary>
        </member>
        <member name="F:Microsoft.Identity.TokenRevocationFromSettings.RevocationAction.BlockByIssuanceTime">
            <summary>
            Block based on policy including the issuance time.
            </summary>
        </member>
        <member name="T:Microsoft.Identity.TokenRevocationFromSettings.RevocationEvaluator">
            <summary>
            Evaluates a claims identity against a set of revocation settings.
            </summary>
        </member>
        <member name="M:Microsoft.Identity.TokenRevocationFromSettings.RevocationEvaluator.Evaluate(System.Collections.Generic.List{Microsoft.Identity.TokenRevocationFromSettings.RevocationRules},System.Security.Claims.ClaimsIdentity)">
            <summary>
            Determine if a token should be rejected based on the revocation settings.
            </summary>
            <param name="revocationSettings">The list of settings to evaluate against the token.</param>
            <param name="claimsIdentity">The claims identity created from the token to validate.</param>
            <returns>
            A result object is returned that indicates if the token is revoked or not
            as well as if the token has the required claims to evaluate.
            </returns>
        </member>
        <member name="T:Microsoft.Identity.TokenRevocationFromSettings.RevocationResults">
            <summary>
            Represents the results of a token revocation evaluation from <see cref="T:Microsoft.Identity.TokenRevocationFromSettings.RevocationEvaluator"/>.
            </summary>
        </member>
        <member name="P:Microsoft.Identity.TokenRevocationFromSettings.RevocationResults.RevocationRules">
            <summary>
            The rules that were evaluated that resulted in the revocation decision.
            Will be <see langword="null"/> if <see cref="P:Microsoft.Identity.TokenRevocationFromSettings.RevocationResults.IsRevoked"/> is <see langword="true"/>
            </summary>
        </member>
        <member name="P:Microsoft.Identity.TokenRevocationFromSettings.RevocationResults.IsRevoked">
            <summary>
            <see langword="true"/> if the token was revoked; otherwise <see langword="false"/>
            </summary>
        </member>
        <member name="P:Microsoft.Identity.TokenRevocationFromSettings.RevocationResults.HasRequiredClaimsToEvaluate">
            <summary>
            <see langword="true"/> if the required claims to make a decision were present; otherwise <see langword="false"/>
            </summary>
        </member>
        <member name="M:Microsoft.Identity.TokenRevocationFromSettings.RevocationResults.Equals(System.Object)">
            <inheritdoc/>
        </member>
        <member name="M:Microsoft.Identity.TokenRevocationFromSettings.RevocationResults.Equals(Microsoft.Identity.TokenRevocationFromSettings.RevocationResults)">
            <inheritdoc/>
        </member>
        <member name="M:Microsoft.Identity.TokenRevocationFromSettings.RevocationResults.GetHashCode">
            <inheritdoc/>
        </member>
        <member name="M:Microsoft.Identity.TokenRevocationFromSettings.RevocationResults.op_Equality(Microsoft.Identity.TokenRevocationFromSettings.RevocationResults,Microsoft.Identity.TokenRevocationFromSettings.RevocationResults)">
            <inheritdoc/>
        </member>
        <member name="M:Microsoft.Identity.TokenRevocationFromSettings.RevocationResults.op_Inequality(Microsoft.Identity.TokenRevocationFromSettings.RevocationResults,Microsoft.Identity.TokenRevocationFromSettings.RevocationResults)">
            <inheritdoc/>
        </member>
        <member name="T:Microsoft.Identity.TokenRevocationFromSettings.RevocationRules">
            <summary>
            Settings for revoking tokens.
            </summary>
        </member>
        <member name="M:Microsoft.Identity.TokenRevocationFromSettings.RevocationRules.#ctor(Microsoft.Identity.TokenRevocationFromSettings.RevocationSettings)">
            <summary>
            Initializes a new instance of the <see cref="T:Microsoft.Identity.TokenRevocationFromSettings.RevocationRules"/> class.
            </summary>
            <param name="revocationSettings">Settings to parse into a rule.</param>
        </member>
        <member name="M:Microsoft.Identity.TokenRevocationFromSettings.RevocationRules.#ctor(System.String,System.String,System.Collections.Generic.List{Microsoft.Identity.TokenRevocationFromSettings.RevocationAction},System.Nullable{System.Int64})">
            <summary>
            Initializes a new instance of the <see cref="T:Microsoft.Identity.TokenRevocationFromSettings.RevocationRules"/> class.
            </summary>
            <param name="tenantId">
            The tenant id this policy applies to, or <see cref="F:Microsoft.Identity.TokenRevocationFromSettings.RevocationRules.WildCardTenantId"/>, if
            it applies to all tenants.
            </param>
            <param name="applicationId">The application Id this policy applies to.</param>
            <param name="actions">The action to take.</param>
            <param name="rejectIssuedBefore">
            DateTime represented as the number of seconds that have passed since 00:00:00 UTC on January 1, 1970.
            Only required if one of the actions is <see cref="F:Microsoft.Identity.TokenRevocationFromSettings.RevocationAction.BlockByIssuanceTime"/>.
            Specifies the time before which tokens should be rejected.
            </param>
            <exception cref="T:System.ArgumentNullException"></exception>
            <exception cref="T:System.ArgumentException"></exception>
        </member>
        <member name="F:Microsoft.Identity.TokenRevocationFromSettings.RevocationRules.WildCardTenantId">
            <summary>
            The wildcard tenant id. Will apply to all tenants.
            </summary>
        </member>
        <member name="P:Microsoft.Identity.TokenRevocationFromSettings.RevocationRules.WildcardTenant">
            <summary>
            If <see langword="true"/>, then the setting applies to all tenants.
            </summary>
        </member>
        <member name="P:Microsoft.Identity.TokenRevocationFromSettings.RevocationRules.GuidTenant">
            <summary>
            The tenant this policy applies to.
            </summary>
        </member>
        <member name="P:Microsoft.Identity.TokenRevocationFromSettings.RevocationRules.AppId">
            <summary>
            The application id.
            </summary>
        </member>
        <member name="P:Microsoft.Identity.TokenRevocationFromSettings.RevocationRules.RejectIssuedBefore">
            <summary>
            DateTime represented as the number of seconds that have passed since 00:00:00 UTC on January 1, 1970.
            If one of the actions is <see cref="F:Microsoft.Identity.TokenRevocationFromSettings.RevocationAction.BlockByIssuanceTime"/>,
            tokens will be blocked that are issued before this time.
            </summary>
        </member>
        <member name="P:Microsoft.Identity.TokenRevocationFromSettings.RevocationRules.Actions">
            <summary>
            The actions to evaluate based on policy.
            </summary>
        </member>
        <member name="T:Microsoft.Identity.TokenRevocationFromSettings.RevocationSettings">
            <summary>
            Settings for token revocation.
            </summary>
        </member>
        <member name="P:Microsoft.Identity.TokenRevocationFromSettings.RevocationSettings.TenantId">
            <summary>
            The tenant id this policy applies to, or *, if
            it applies to all tenants.
            </summary>
        </member>
        <member name="P:Microsoft.Identity.TokenRevocationFromSettings.RevocationSettings.ApplicationId">
            <summary>
            The application id.
            </summary>
        </member>
        <member name="P:Microsoft.Identity.TokenRevocationFromSettings.RevocationSettings.Actions">
            <summary>
            The collection of actions.
            </summary>
        </member>
        <member name="P:Microsoft.Identity.TokenRevocationFromSettings.RevocationSettings.RejectIssuedBefore">
            <summary>
            DateTime represented as the number of seconds that have passed since 00:00:00 UTC on January 1, 1970.
            If one of the actions is <see cref="F:Microsoft.Identity.TokenRevocationFromSettings.RevocationAction.BlockByIssuanceTime"/>,
            tokens will be blocked that are issued before this time.
            /// </summary>
        </member>
    </members>
</doc>
