<?xml version="1.0"?>
<doc>
    <assembly>
        <name>Microsoft.Identity.ServiceEssentials.Telemetry.Abstractions</name>
    </assembly>
    <members>
        <member name="T:Microsoft.Identity.ServiceEssentials.Telemetry.Abstractions.Constants">
            <summary>
            Constants related to OneCollector exporter.
            </summary>
        </member>
        <member name="F:Microsoft.Identity.ServiceEssentials.Telemetry.Abstractions.Constants.SupplementalVersionInfo">
            <summary>
            Key to be used to provide supplemental version info via <see cref="P:Microsoft.Identity.ServiceEssentials.Telemetry.Abstractions.TelemetryExporterOptions.AdditionalAttributes"/>.
            </summary>
        </member>
        <member name="F:Microsoft.Identity.ServiceEssentials.Telemetry.Abstractions.Constants.SliceOrRing">
            <summary>
            Key to denote which slice or ring of deployment the application is running in.
            </summary>
        </member>
        <member name="T:Microsoft.Identity.ServiceEssentials.Telemetry.Abstractions.HistogramTypes">
            <summary>
            Constants defining histogram types.
            </summary>
        </member>
        <member name="F:Microsoft.Identity.ServiceEssentials.Telemetry.Abstractions.HistogramTypes.OneA">
            <summary>
            Type '.1A' that corresponds to histogram with following boundaries:
            [0, 50, 100, 150, 200, 250, 300, 350, 400, 450, 500, 550, 600, 650, 700, 750, 800, 850, 900, 950, 1000, 1100, 1200, 1300, 1400, 1500, 2000, 3000, 4000, 5000]
            </summary>
        </member>
        <member name="T:Microsoft.Identity.ServiceEssentials.Telemetry.Abstractions.TelemetryExporterOptions">
            <summary>
            Represents a collection of options to configure a telemetry exporter.
            </summary>
        </member>
        <member name="F:Microsoft.Identity.ServiceEssentials.Telemetry.Abstractions.TelemetryExporterOptions.Exporter">
            <summary>
            Name of the configuration section defining an exporter.
            </summary>
        </member>
        <member name="M:Microsoft.Identity.ServiceEssentials.Telemetry.Abstractions.TelemetryExporterOptions.#ctor">
            <summary>
            Initializes <see cref="T:Microsoft.Identity.ServiceEssentials.Telemetry.Abstractions.TelemetryExporterOptions"/>.
            </summary>
        </member>
        <member name="M:Microsoft.Identity.ServiceEssentials.Telemetry.Abstractions.TelemetryExporterOptions.#ctor(Microsoft.IdentityModel.Abstractions.IIdentityLogger)">
            <summary>
            Initializes <see cref="T:Microsoft.Identity.ServiceEssentials.Telemetry.Abstractions.TelemetryExporterOptions"/> and sets the <paramref name="logger"/>.
            </summary>
        </member>
        <member name="P:Microsoft.Identity.ServiceEssentials.Telemetry.Abstractions.TelemetryExporterOptions.Logger">
            <summary>
            Instance of <see cref="T:Microsoft.IdentityModel.Abstractions.IIdentityLogger"/> to be used by the exporter.
            </summary>
        </member>
        <member name="P:Microsoft.Identity.ServiceEssentials.Telemetry.Abstractions.TelemetryExporterOptions.ClientId">
            <summary>
            Client Id of the application configuring the exporter.
            </summary>
        </member>
        <member name="P:Microsoft.Identity.ServiceEssentials.Telemetry.Abstractions.TelemetryExporterOptions.LogTransmittedPayloadSuccess">
            <summary>
            Flag that indicates whether the exporter should log transmitted payload when request to telemetry endpoints succeed.
            </summary>
            <remarks>
            Will be logged as <see cref="F:Microsoft.IdentityModel.Abstractions.EventLogLevel.Verbose"/> if enabled.
            </remarks>
        </member>
        <member name="P:Microsoft.Identity.ServiceEssentials.Telemetry.Abstractions.TelemetryExporterOptions.LogTransmittedPayloadFailures">
            <summary>
            Flag that indicates whether the exporter should log transmitted payload when request to telemetry endpoints fail.
            </summary>
            <remarks>
            Will be logged as <see cref="F:Microsoft.IdentityModel.Abstractions.EventLogLevel.Informational"/> if enabled.
            </remarks>
        </member>
        <member name="P:Microsoft.Identity.ServiceEssentials.Telemetry.Abstractions.TelemetryExporterOptions.EnableExportingData">
            <summary>
            Flag that indicates whether the exporting telemetry data is enabled.
            Exporting should be disabled only as an emergency measure and if it is causing unhandled issues.
            </summary>
            <remarks>
            Will default to <see langword="true" /> in next version.
            </remarks>
        </member>
        <member name="P:Microsoft.Identity.ServiceEssentials.Telemetry.Abstractions.TelemetryExporterOptions.HostId">
            <summary>
            Allows for setting a custom hostId. Setting this property will have preference over the host id resolved by the exporter.
            </summary>
        </member>
        <member name="P:Microsoft.Identity.ServiceEssentials.Telemetry.Abstractions.TelemetryExporterOptions.ExecutesInTestEnvironment">
            <summary>
            Flag that indicates whether the application is executing in a test environment.
            Set this to true if deploying to a test environment, allowing differentiation of data collected
            via telemetry between production and test traffic.
            </summary>
        </member>
        <member name="P:Microsoft.Identity.ServiceEssentials.Telemetry.Abstractions.TelemetryExporterOptions.AdditionalAttributes">
            <summary>
            Collection of additional attributes that will be sent to telemetry endpoints.
            </summary>
            <remarks>
            Attribute keys that are not sanctioned will not be sent with other telemetry data.
            Allowed additional attributes are found in <see href="https://aka.ms/mise/telemetry">the documentation here</see>.
            </remarks>
        </member>
    </members>
</doc>
