<?xml version="1.0"?>
<doc>
    <assembly>
        <name>Microsoft.Identity.ServiceEssentials.Telemetry.OneCollector</name>
    </assembly>
    <members>
        <member name="T:Microsoft.Identity.ServiceEssentials.Telemetry.OneCollector.ExceptionExtensions">
            <summary>
            Extensions on <see cref="T:System.Exception"/>.
            </summary>
        </member>
        <member name="M:Microsoft.Identity.ServiceEssentials.Telemetry.OneCollector.ExceptionExtensions.SerializeToString(System.Exception,System.Boolean,System.Boolean)">
            <summary>
            Serializes the exception to a string.
            </summary>
            <param name="exception">Exception to serialize.</param>
            <param name="includeStackTrace">Include stack trace in the message.</param>
            <param name="includeInnerException">Include inner exception in the message.</param>
            <returns>Serialized exception with optionally appended additional information.</returns>
        </member>
        <member name="F:Microsoft.Identity.ServiceEssentials.Telemetry.OneCollector.InternalConstants.DataPrefix">
            <summary>
            Prefix used to decorate values published by ID4S libraries
            </summary>
        </member>
        <member name="F:Microsoft.Identity.ServiceEssentials.Telemetry.OneCollector.InternalConstants.Activity">
            <summary>
            Name of the column/dimension holding activity name
            </summary>
        </member>
        <member name="F:Microsoft.Identity.ServiceEssentials.Telemetry.OneCollector.InternalConstants.ActivityStatus">
            <summary>
            Name of the column/dimension holding activity's status
            </summary>
        </member>
        <member name="F:Microsoft.Identity.ServiceEssentials.Telemetry.OneCollector.InternalConstants.ActivityTag">
            <summary>
            Name of the column/dimension holding activity's tag
            </summary>
        </member>
        <member name="F:Microsoft.Identity.ServiceEssentials.Telemetry.OneCollector.InternalConstants.Count">
            <summary>
            Name of the column/dimension holding counts (for counters or histograms)
            </summary>
        </member>
        <member name="F:Microsoft.Identity.ServiceEssentials.Telemetry.OneCollector.InternalConstants.Bounds">
            <summary>
            Name of the column/dimension specifying histogram bounds
            </summary>
        </member>
        <member name="F:Microsoft.Identity.ServiceEssentials.Telemetry.OneCollector.InternalConstants.PositiveInfinity">
            <summary>
            Constant value specifying end explicit bound of histogram.
            </summary>
        </member>
        <member name="F:Microsoft.Identity.ServiceEssentials.Telemetry.OneCollector.InternalConstants.CounterSuffix">
            <summary>
            Suffix used to create name of a Counter metric
            </summary>
        </member>
        <member name="F:Microsoft.Identity.ServiceEssentials.Telemetry.OneCollector.InternalConstants.HistogramSuffix">
            <summary>
            Suffix used to create name of a Histogram metric
            </summary>
        </member>
        <member name="F:Microsoft.Identity.ServiceEssentials.Telemetry.OneCollector.InternalConstants.HistogramMinValue">
            <summary>
            Name of the column/dimension holding min value for a given histogram
            </summary>
        </member>
        <member name="F:Microsoft.Identity.ServiceEssentials.Telemetry.OneCollector.InternalConstants.HistogramMaxValue">
            <summary>
            Name of the column/dimension holding min value for a given histogram
            </summary>
        </member>
        <member name="F:Microsoft.Identity.ServiceEssentials.Telemetry.OneCollector.InternalConstants.LogColumnName">
            <summary>
            Name of the column/dimension holding min value for custom logs
            </summary>
        </member>
        <member name="F:Microsoft.Identity.ServiceEssentials.Telemetry.OneCollector.InternalConstants.MiseTagName">
            <summary>
            Name of the specific activity tag to be add into ActivityTag column
            </summary>
        </member>
        <member name="F:Microsoft.Identity.ServiceEssentials.Telemetry.OneCollector.InternalConstants.MaxActivityCardinalityLevel">
            <summary>
            Max cardinality level that a activity can have before dropping events
            </summary>
        </member>
        <member name="F:Microsoft.Identity.ServiceEssentials.Telemetry.OneCollector.InternalConstants.MaxMetricCardinalityLevel">
            <summary>
            Max cardinality level that a metric can have before dropping events
            </summary>
        </member>
        <member name="F:Microsoft.Identity.ServiceEssentials.Telemetry.OneCollector.InternalConstants.ExporterLogsTableName">
            <summary>
            Name of the table holding exporter logs
            </summary>
        </member>
        <member name="F:Microsoft.Identity.ServiceEssentials.Telemetry.OneCollector.InternalConstants.ExportIntervalInMilliseconds">
            <summary>
            An interval after which the exporter will send data to Aria
            </summary>
        </member>
        <member name="F:Microsoft.Identity.ServiceEssentials.Telemetry.OneCollector.InternalConstants.AriaToken">
            <summary>
            Connection string to the Aria Project
            </summary>
        </member>
        <member name="F:Microsoft.Identity.ServiceEssentials.Telemetry.OneCollector.InternalConstants.ActivityCardinalityLevelMessage">
            <summary>
            Cardinality breached log message format of activity exporter
            </summary>
        </member>
        <member name="F:Microsoft.Identity.ServiceEssentials.Telemetry.OneCollector.InternalConstants.MetricCardinalityLevelMessage">
            <summary>
            Cardinality breached log message format of metric exporter
            </summary>
        </member>
        <member name="F:Microsoft.Identity.ServiceEssentials.Telemetry.OneCollector.InternalConstants.OneABoundaries">
            <summary>
            Histogram bucket boundaries for histogram type .1A
            </summary>
        </member>
        <member name="T:Microsoft.Identity.ServiceEssentials.Telemetry.OneCollector.LogMessages">
            <summary>
            Log messages and codes
            </summary>
        </member>
        <member name="M:Microsoft.Identity.ServiceEssentials.Telemetry.OneCollector.MetricExporter.LogException(System.Exception,System.String)">
            <summary>
            internal for testing only
            </summary>
        </member>
        <member name="T:Microsoft.Identity.ServiceEssentials.Telemetry.OneCollector.OneCollectorExporter">
            <summary>
            Collection of methods used to configure and enable OneCollector exporter.
            </summary>
        </member>
        <member name="M:Microsoft.Identity.ServiceEssentials.Telemetry.OneCollector.OneCollectorExporter.Start(Microsoft.Identity.ServiceEssentials.Telemetry.Abstractions.TelemetryExporterOptions)">
            <summary>
            Starts and configures OneCollector exporter using <paramref name="exporterOptions"/>.
            </summary>
            <param name="exporterOptions">Collection of options used to configure the exporter</param>
        </member>
        <member name="M:Microsoft.Identity.ServiceEssentials.Telemetry.OneCollector.OneCollectorExporter.TerminateExportingTelemetry">
            <summary>
            Terminates exporting telemetry in case of an emergency.
            Once terminated, exporting telemetry data can't be started again without an application restart.
            </summary>
        </member>
        <member name="M:Microsoft.Identity.ServiceEssentials.Telemetry.OneCollector.Utility.ShouldLogTransmittedPayload(System.Boolean,System.Int64,Microsoft.Identity.ServiceEssentials.Telemetry.Abstractions.TelemetryExporterOptions)">
            <summary>
            internal for testing only
            </summary>
        </member>
        <member name="M:Microsoft.Identity.ServiceEssentials.Telemetry.OneCollector.Utility.LogException(System.Exception,System.String,Microsoft.IdentityModel.Abstractions.IIdentityLogger)">
            <summary>
            internal for testing only
            </summary>
        </member>
    </members>
</doc>
